"HealthTopic","Population","Indicator","Unit","Time","RegionCode","RegionName","NumValue","TxtValue"
"Gonorrhoea","Disease surveillance|Confirmed cases - Men who have sex with men","Reported cases","N","1990","BG","Bulgaria",0.000000000,""
"Gonorrhoea","Disease surveillance|Confirmed cases - Men who have sex with men","Reported cases","N","1990","CZ","Czechia",0.000000000,""
"Gonorrhoea","Disease surveillance|Confirmed cases - Men who have sex with men","Reported cases","N","1990","DK","Denmark",0.000000000,""
"Gonorrhoea","Disease surveillance|Confirmed cases - Men who have sex with men","Reported cases","N","1990","EE","Estonia",0.000000000,""
"Gonorrhoea","Disease surveillance|Confirmed cases - Men who have sex with men","Reported cases","N","1990","EL","Greece",0.000000000,""
"Gonorrhoea","Disease surveillance|Confirmed cases - Men who have sex with men","Reported cases","N","1990","ES","Spain",0.000000000,""
"Gonorrhoea","Disease surveillance|Confirmed cases - Men who have sex with men","Reported cases","N","1990","EU27_21","EU (without UK)",0.000000000,""
"Gonorrhoea","Disease surveillance|Confirmed cases - Men who have sex with men","Reported cases","N","1990","EU27_UK_21","EU (with UK until 2019)",0.000000000,""
"Gonorrhoea","Disease surveillance|Confirmed cases - Men who have sex with men","Reported cases","N","1990","EUEEA30_21","EU/EEA (without UK)",0.000000000,""
"Gonorrhoea","Disease surveillance|Confirmed cases - Men who have sex with men","Reported cases","N","1990","EUEEAUK_21","EU/EEA (with UK until 2019)",0.000000000,""
"Gonorrhoea","Disease surveillance|Confirmed cases - Men who have sex with men","Reported cases","N","1990","HU","Hungary",0.000000000,""
"Gonorrhoea","Disease surveillance|Confirmed cases - Men who have sex with men","Reported cases","N","1990","LV","Latvia",0.000000000,""
"Gonorrhoea","Disease surveillance|Confirmed cases - Men who have sex with men","Reported cases","N","1990","PT","Portugal",0.000000000,""
"Gonorrhoea","Disease surveillance|Confirmed cases - Men who have sex with men","Reported cases","N","1990","RO","Romania",0.000000000,""
"Gonorrhoea","Disease surveillance|Confirmed cases - Men who have sex with men","Reported cases","N","1990","SE","Sweden",0.000000000,""
"Gonorrhoea","Disease surveillance|Confirmed cases - Men who have sex with men","Reported cases","N","1990","UK","United Kingdom",0.000000000,""
"Gonorrhoea","Disease surveillance|Confirmed cases - Men who have sex with men","Reported cases","N","1991","BG","Bulgaria",0.000000000,""
"Gonorrhoea","Disease surveillance|Confirmed cases - Men who have sex with men","Reported cases","N","1991","CZ","Czechia",0.000000000,""
"Gonorrhoea","Disease surveillance|Confirmed cases - Men who have sex with men","Reported cases","N","1991","DK","Denmark",0.000000000,""
"Gonorrhoea","Disease surveillance|Confirmed cases - Men who have sex with men","Reported cases","N","1991","EE","Estonia",0.000000000,""
"Gonorrhoea","Disease surveillance|Confirmed cases - Men who have sex with men","Reported cases","N","1991","EL","Greece",0.000000000,""
"Gonorrhoea","Disease surveillance|Confirmed cases - Men who have sex with men","Reported cases","N","1991","ES","Spain",0.000000000,""
"Gonorrhoea","Disease surveillance|Confirmed cases - Men who have sex with men","Reported cases","N","1991","EU27_21","EU (without UK)",0.000000000,""
"Gonorrhoea","Disease surveillance|Confirmed cases - Men who have sex with men","Reported cases","N","1991","EU27_UK_21","EU (with UK until 2019)",0.000000000,""
"Gonorrhoea","Disease surveillance|Confirmed cases - Men who have sex with men","Reported cases","N","1991","EUEEA30_21","EU/EEA (without UK)",0.000000000,""
"Gonorrhoea","Disease surveillance|Confirmed cases - Men who have sex with men","Reported cases","N","1991","EUEEAUK_21","EU/EEA (with UK until 2019)",0.000000000,""
"Gonorrhoea","Disease surveillance|Confirmed cases - Men who have sex with men","Reported cases","N","1991","HU","Hungary",0.000000000,""
"Gonorrhoea","Disease surveillance|Confirmed cases - Men who have sex with men","Reported cases","N","1991","LV","Latvia",0.000000000,""
"Gonorrhoea","Disease surveillance|Confirmed cases - Men who have sex with men","Reported cases","N","1991","PT","Portugal",0.000000000,""
"Gonorrhoea","Disease surveillance|Confirmed cases - Men who have sex with men","Reported cases","N","1991","RO","Romania",0.000000000,""
"Gonorrhoea","Disease surveillance|Confirmed cases - Men who have sex with men","Reported cases","N","1991","SE","Sweden",0.000000000,""
"Gonorrhoea","Disease surveillance|Confirmed cases - Men who have sex with men","Reported cases","N","1991","UK","United Kingdom",0.000000000,""
"Gonorrhoea","Disease surveillance|Confirmed cases - Men who have sex with men","Reported cases","N","1992","BG","Bulgaria",0.000000000,""
"Gonorrhoea","Disease surveillance|Confirmed cases - Men who have sex with men","Reported cases","N","1992","CZ","Czechia",0.000000000,""
"Gonorrhoea","Disease surveillance|Confirmed cases - Men who have sex with men","Reported cases","N","1992","DK","Denmark",0.000000000,""
"Gonorrhoea","Disease surveillance|Confirmed cases - Men who have sex with men","Reported cases","N","1992","EE","Estonia",0.000000000,""
"Gonorrhoea","Disease surveillance|Confirmed cases - Men who have sex with men","Reported cases","N","1992","EL","Greece",0.000000000,""
"Gonorrhoea","Disease surveillance|Confirmed cases - Men who have sex with men","Reported cases","N","1992","ES","Spain",0.000000000,""
"Gonorrhoea","Disease surveillance|Confirmed cases - Men who have sex with men","Reported cases","N","1992","EU27_21","EU (without UK)",0.000000000,""
"Gonorrhoea","Disease surveillance|Confirmed cases - Men who have sex with men","Reported cases","N","1992","EU27_UK_21","EU (with UK until 2019)",0.000000000,""
"Gonorrhoea","Disease surveillance|Confirmed cases - Men who have sex with men","Reported cases","N","1992","EUEEA30_21","EU/EEA (without UK)",0.000000000,""
"Gonorrhoea","Disease surveillance|Confirmed cases - Men who have sex with men","Reported cases","N","1992","EUEEAUK_21","EU/EEA (with UK until 2019)",0.000000000,""
"Gonorrhoea","Disease surveillance|Confirmed cases - Men who have sex with men","Reported cases","N","1992","HU","Hungary",0.000000000,""
"Gonorrhoea","Disease surveillance|Confirmed cases - Men who have sex with men","Reported cases","N","1992","LV","Latvia",0.000000000,""
"Gonorrhoea","Disease surveillance|Confirmed cases - Men who have sex with men","Reported cases","N","1992","PT","Portugal",0.000000000,""
"Gonorrhoea","Disease surveillance|Confirmed cases - Men who have sex with men","Reported cases","N","1992","RO","Romania",0.000000000,""
"Gonorrhoea","Disease surveillance|Confirmed cases - Men who have sex with men","Reported cases","N","1992","SE","Sweden",0.000000000,""
"Gonorrhoea","Disease surveillance|Confirmed cases - Men who have sex with men","Reported cases","N","1992","UK","United Kingdom",0.000000000,""
"Gonorrhoea","Disease surveillance|Confirmed cases - Men who have sex with men","Reported cases","N","1993","BG","Bulgaria",0.000000000,""
"Gonorrhoea","Disease surveillance|Confirmed cases - Men who have sex with men","Reported cases","N","1993","CZ","Czechia",0.000000000,""
"Gonorrhoea","Disease surveillance|Confirmed cases - Men who have sex with men","Reported cases","N","1993","DK","Denmark",0.000000000,""
"Gonorrhoea","Disease surveillance|Confirmed cases - Men who have sex with men","Reported cases","N","1993","EE","Estonia",0.000000000,""
"Gonorrhoea","Disease surveillance|Confirmed cases - Men who have sex with men","Reported cases","N","1993","EL","Greece",0.000000000,""
"Gonorrhoea","Disease surveillance|Confirmed cases - Men who have sex with men","Reported cases","N","1993","ES","Spain",0.000000000,""
"Gonorrhoea","Disease surveillance|Confirmed cases - Men who have sex with men","Reported cases","N","1993","EU27_21","EU (without UK)",0.000000000,""
"Gonorrhoea","Disease surveillance|Confirmed cases - Men who have sex with men","Reported cases","N","1993","EU27_UK_21","EU (with UK until 2019)",0.000000000,""
"Gonorrhoea","Disease surveillance|Confirmed cases - Men who have sex with men","Reported cases","N","1993","EUEEA30_21","EU/EEA (without UK)",28.000000000,""
"Gonorrhoea","Disease surveillance|Confirmed cases - Men who have sex with men","Reported cases","N","1993","EUEEAUK_21","EU/EEA (with UK until 2019)",28.000000000,""
"Gonorrhoea","Disease surveillance|Confirmed cases - Men who have sex with men","Reported cases","N","1993","HU","Hungary",0.000000000,""
"Gonorrhoea","Disease surveillance|Confirmed cases - Men who have sex with men","Reported cases","N","1993","LV","Latvia",0.000000000,""
"Gonorrhoea","Disease surveillance|Confirmed cases - Men who have sex with men","Reported cases","N","1993","NO","Norway",28.000000000,""
"Gonorrhoea","Disease surveillance|Confirmed cases - Men who have sex with men","Reported cases","N","1993","PT","Portugal",0.000000000,""
"Gonorrhoea","Disease surveillance|Confirmed cases - Men who have sex with men","Reported cases","N","1993","RO","Romania",0.000000000,""
"Gonorrhoea","Disease surveillance|Confirmed cases - Men who have sex with men","Reported cases","N","1993","SE","Sweden",0.000000000,""
"Gonorrhoea","Disease surveillance|Confirmed cases - Men who have sex with men","Reported cases","N","1993","UK","United Kingdom",0.000000000,""
"Gonorrhoea","Disease surveillance|Confirmed cases - Men who have sex with men","Reported cases","N","1994","BG","Bulgaria",0.000000000,""
"Gonorrhoea","Disease surveillance|Confirmed cases - Men who have sex with men","Reported cases","N","1994","CZ","Czechia",0.000000000,""
"Gonorrhoea","Disease surveillance|Confirmed cases - Men who have sex with men","Reported cases","N","1994","DK","Denmark",0.000000000,""
"Gonorrhoea","Disease surveillance|Confirmed cases - Men who have sex with men","Reported cases","N","1994","EE","Estonia",0.000000000,""
"Gonorrhoea","Disease surveillance|Confirmed cases - Men who have sex with men","Reported cases","N","1994","EL","Greece",0.000000000,""
"Gonorrhoea","Disease surveillance|Confirmed cases - Men who have sex with men","Reported cases","N","1994","ES","Spain",0.000000000,""
"Gonorrhoea","Disease surveillance|Confirmed cases - Men who have sex with men","Reported cases","N","1994","EU27_21","EU (without UK)",0.000000000,""
"Gonorrhoea","Disease surveillance|Confirmed cases - Men who have sex with men","Reported cases","N","1994","EU27_UK_21","EU (with UK until 2019)",0.000000000,""
"Gonorrhoea","Disease surveillance|Confirmed cases - Men who have sex with men","Reported cases","N","1994","EUEEA30_21","EU/EEA (without UK)",10.000000000,""
"Gonorrhoea","Disease surveillance|Confirmed cases - Men who have sex with men","Reported cases","N","1994","EUEEAUK_21","EU/EEA (with UK until 2019)",10.000000000,""
"Gonorrhoea","Disease surveillance|Confirmed cases - Men who have sex with men","Reported cases","N","1994","HU","Hungary",0.000000000,""
"Gonorrhoea","Disease surveillance|Confirmed cases - Men who have sex with men","Reported cases","N","1994","LV","Latvia",0.000000000,""
"Gonorrhoea","Disease surveillance|Confirmed cases - Men who have sex with men","Reported cases","N","1994","NO","Norway",10.000000000,""
"Gonorrhoea","Disease surveillance|Confirmed cases - Men who have sex with men","Reported cases","N","1994","PT","Portugal",0.000000000,""
"Gonorrhoea","Disease surveillance|Confirmed cases - Men who have sex with men","Reported cases","N","1994","RO","Romania",0.000000000,""
"Gonorrhoea","Disease surveillance|Confirmed cases - Men who have sex with men","Reported cases","N","1994","SE","Sweden",0.000000000,""
"Gonorrhoea","Disease surveillance|Confirmed cases - Men who have sex with men","Reported cases","N","1994","UK","United Kingdom",0.000000000,""
"Gonorrhoea","Disease surveillance|Confirmed cases - Men who have sex with men","Reported cases","N","1995","BG","Bulgaria",0.000000000,""
"Gonorrhoea","Disease surveillance|Confirmed cases - Men who have sex with men","Reported cases","N","1995","CZ","Czechia",0.000000000,""
"Gonorrhoea","Disease surveillance|Confirmed cases - Men who have sex with men","Reported cases","N","1995","DK","Denmark",0.000000000,""
"Gonorrhoea","Disease surveillance|Confirmed cases - Men who have sex with men","Reported cases","N","1995","EE","Estonia",0.000000000,""
"Gonorrhoea","Disease surveillance|Confirmed cases - Men who have sex with men","Reported cases","N","1995","EL","Greece",0.000000000,""
"Gonorrhoea","Disease surveillance|Confirmed cases - Men who have sex with men","Reported cases","N","1995","ES","Spain",0.000000000,""
"Gonorrhoea","Disease surveillance|Confirmed cases - Men who have sex with men","Reported cases","N","1995","EU27_21","EU (without UK)",0.000000000,""
"Gonorrhoea","Disease surveillance|Confirmed cases - Men who have sex with men","Reported cases","N","1995","EU27_UK_21","EU (with UK until 2019)",0.000000000,""
"Gonorrhoea","Disease surveillance|Confirmed cases - Men who have sex with men","Reported cases","N","1995","EUEEA30_21","EU/EEA (without UK)",20.000000000,""
"Gonorrhoea","Disease surveillance|Confirmed cases - Men who have sex with men","Reported cases","N","1995","EUEEAUK_21","EU/EEA (with UK until 2019)",20.000000000,""
"Gonorrhoea","Disease surveillance|Confirmed cases - Men who have sex with men","Reported cases","N","1995","HU","Hungary",0.000000000,""
"Gonorrhoea","Disease surveillance|Confirmed cases - Men who have sex with men","Reported cases","N","1995","IE","Ireland",0.000000000,""
"Gonorrhoea","Disease surveillance|Confirmed cases - Men who have sex with men","Reported cases","N","1995","LV","Latvia",0.000000000,""
"Gonorrhoea","Disease surveillance|Confirmed cases - Men who have sex with men","Reported cases","N","1995","NO","Norway",20.000000000,""
"Gonorrhoea","Disease surveillance|Confirmed cases - Men who have sex with men","Reported cases","N","1995","PT","Portugal",0.000000000,""
"Gonorrhoea","Disease surveillance|Confirmed cases - Men who have sex with men","Reported cases","N","1995","RO","Romania",0.000000000,""
"Gonorrhoea","Disease surveillance|Confirmed cases - Men who have sex with men","Reported cases","N","1995","SE","Sweden",0.000000000,""
"Gonorrhoea","Disease surveillance|Confirmed cases - Men who have sex with men","Reported cases","N","1995","UK","United Kingdom",0.000000000,""
"Gonorrhoea","Disease surveillance|Confirmed cases - Men who have sex with men","Reported cases","N","1996","AT","Austria",0.000000000,""
"Gonorrhoea","Disease surveillance|Confirmed cases - Men who have sex with men","Reported cases","N","1996","BG","Bulgaria",0.000000000,""
"Gonorrhoea","Disease surveillance|Confirmed cases - Men who have sex with men","Reported cases","N","1996","CZ","Czechia",0.000000000,""
"Gonorrhoea","Disease surveillance|Confirmed cases - Men who have sex with men","Reported cases","N","1996","DK","Denmark",0.000000000,""
"Gonorrhoea","Disease surveillance|Confirmed cases - Men who have sex with men","Reported cases","N","1996","EE","Estonia",0.000000000,""
"Gonorrhoea","Disease surveillance|Confirmed cases - Men who have sex with men","Reported cases","N","1996","EL","Greece",0.000000000,""
"Gonorrhoea","Disease surveillance|Confirmed cases - Men who have sex with men","Reported cases","N","1996","ES","Spain",0.000000000,""
"Gonorrhoea","Disease surveillance|Confirmed cases - Men who have sex with men","Reported cases","N","1996","EU27_21","EU (without UK)",0.000000000,""
"Gonorrhoea","Disease surveillance|Confirmed cases - Men who have sex with men","Reported cases","N","1996","EU27_UK_21","EU (with UK until 2019)",0.000000000,""
"Gonorrhoea","Disease surveillance|Confirmed cases - Men who have sex with men","Reported cases","N","1996","EUEEA30_21","EU/EEA (without UK)",32.000000000,""
"Gonorrhoea","Disease surveillance|Confirmed cases - Men who have sex with men","Reported cases","N","1996","EUEEAUK_21","EU/EEA (with UK until 2019)",32.000000000,""
"Gonorrhoea","Disease surveillance|Confirmed cases - Men who have sex with men","Reported cases","N","1996","HU","Hungary",0.000000000,""
"Gonorrhoea","Disease surveillance|Confirmed cases - Men who have sex with men","Reported cases","N","1996","IE","Ireland",0.000000000,""
"Gonorrhoea","Disease surveillance|Confirmed cases - Men who have sex with men","Reported cases","N","1996","LV","Latvia",0.000000000,""
"Gonorrhoea","Disease surveillance|Confirmed cases - Men who have sex with men","Reported cases","N","1996","NO","Norway",32.000000000,""
"Gonorrhoea","Disease surveillance|Confirmed cases - Men who have sex with men","Reported cases","N","1996","PT","Portugal",0.000000000,""
"Gonorrhoea","Disease surveillance|Confirmed cases - Men who have sex with men","Reported cases","N","1996","RO","Romania",0.000000000,""
"Gonorrhoea","Disease surveillance|Confirmed cases - Men who have sex with men","Reported cases","N","1996","SE","Sweden",0.000000000,""
"Gonorrhoea","Disease surveillance|Confirmed cases - Men who have sex with men","Reported cases","N","1996","UK","United Kingdom",0.000000000,""
"Gonorrhoea","Disease surveillance|Confirmed cases - Men who have sex with men","Reported cases","N","1997","AT","Austria",0.000000000,""
"Gonorrhoea","Disease surveillance|Confirmed cases - Men who have sex with men","Reported cases","N","1997","BG","Bulgaria",0.000000000,""
"Gonorrhoea","Disease surveillance|Confirmed cases - Men who have sex with men","Reported cases","N","1997","CZ","Czechia",0.000000000,""
"Gonorrhoea","Disease surveillance|Confirmed cases - Men who have sex with men","Reported cases","N","1997","DK","Denmark",0.000000000,""
"Gonorrhoea","Disease surveillance|Confirmed cases - Men who have sex with men","Reported cases","N","1997","EE","Estonia",0.000000000,""
"Gonorrhoea","Disease surveillance|Confirmed cases - Men who have sex with men","Reported cases","N","1997","EL","Greece",0.000000000,""
"Gonorrhoea","Disease surveillance|Confirmed cases - Men who have sex with men","Reported cases","N","1997","ES","Spain",0.000000000,""
"Gonorrhoea","Disease surveillance|Confirmed cases - Men who have sex with men","Reported cases","N","1997","EU27_21","EU (without UK)",24.000000000,""
"Gonorrhoea","Disease surveillance|Confirmed cases - Men who have sex with men","Reported cases","N","1997","EU27_UK_21","EU (with UK until 2019)",24.000000000,""
"Gonorrhoea","Disease surveillance|Confirmed cases - Men who have sex with men","Reported cases","N","1997","EUEEA30_21","EU/EEA (without UK)",54.000000000,""
"Gonorrhoea","Disease surveillance|Confirmed cases - Men who have sex with men","Reported cases","N","1997","EUEEAUK_21","EU/EEA (with UK until 2019)",54.000000000,""
"Gonorrhoea","Disease surveillance|Confirmed cases - Men who have sex with men","Reported cases","N","1997","HU","Hungary",0.000000000,""
"Gonorrhoea","Disease surveillance|Confirmed cases - Men who have sex with men","Reported cases","N","1997","IE","Ireland",0.000000000,""
"Gonorrhoea","Disease surveillance|Confirmed cases - Men who have sex with men","Reported cases","N","1997","IS","Iceland",0.000000000,""
"Gonorrhoea","Disease surveillance|Confirmed cases - Men who have sex with men","Reported cases","N","1997","LV","Latvia",0.000000000,""
"Gonorrhoea","Disease surveillance|Confirmed cases - Men who have sex with men","Reported cases","N","1997","NO","Norway",30.000000000,""
"Gonorrhoea","Disease surveillance|Confirmed cases - Men who have sex with men","Reported cases","N","1997","PT","Portugal",0.000000000,""
"Gonorrhoea","Disease surveillance|Confirmed cases - Men who have sex with men","Reported cases","N","1997","RO","Romania",0.000000000,""
"Gonorrhoea","Disease surveillance|Confirmed cases - Men who have sex with men","Reported cases","N","1997","SE","Sweden",24.000000000,""
"Gonorrhoea","Disease surveillance|Confirmed cases - Men who have sex with men","Reported cases","N","1997","UK","United Kingdom",0.000000000,""
"Gonorrhoea","Disease surveillance|Confirmed cases - Men who have sex with men","Reported cases","N","1998","AT","Austria",0.000000000,""
"Gonorrhoea","Disease surveillance|Confirmed cases - Men who have sex with men","Reported cases","N","1998","BG","Bulgaria",0.000000000,""
"Gonorrhoea","Disease surveillance|Confirmed cases - Men who have sex with men","Reported cases","N","1998","CZ","Czechia",0.000000000,""
"Gonorrhoea","Disease surveillance|Confirmed cases - Men who have sex with men","Reported cases","N","1998","DK","Denmark",0.000000000,""
"Gonorrhoea","Disease surveillance|Confirmed cases - Men who have sex with men","Reported cases","N","1998","EE","Estonia",0.000000000,""
"Gonorrhoea","Disease surveillance|Confirmed cases - Men who have sex with men","Reported cases","N","1998","EL","Greece",0.000000000,""
"Gonorrhoea","Disease surveillance|Confirmed cases - Men who have sex with men","Reported cases","N","1998","ES","Spain",0.000000000,""
"Gonorrhoea","Disease surveillance|Confirmed cases - Men who have sex with men","Reported cases","N","1998","EU27_21","EU (without UK)",78.000000000,""
"Gonorrhoea","Disease surveillance|Confirmed cases - Men who have sex with men","Reported cases","N","1998","EU27_UK_21","EU (with UK until 2019)",78.000000000,""
"Gonorrhoea","Disease surveillance|Confirmed cases - Men who have sex with men","Reported cases","N","1998","EUEEA30_21","EU/EEA (without UK)",120.000000000,""
"Gonorrhoea","Disease surveillance|Confirmed cases - Men who have sex with men","Reported cases","N","1998","EUEEAUK_21","EU/EEA (with UK until 2019)",120.000000000,""
"Gonorrhoea","Disease surveillance|Confirmed cases - Men who have sex with men","Reported cases","N","1998","HU","Hungary",0.000000000,""
"Gonorrhoea","Disease surveillance|Confirmed cases - Men who have sex with men","Reported cases","N","1998","IE","Ireland",0.000000000,""
"Gonorrhoea","Disease surveillance|Confirmed cases - Men who have sex with men","Reported cases","N","1998","IS","Iceland",0.000000000,""
"Gonorrhoea","Disease surveillance|Confirmed cases - Men who have sex with men","Reported cases","N","1998","IT","Italy",0.000000000,""
"Gonorrhoea","Disease surveillance|Confirmed cases - Men who have sex with men","Reported cases","N","1998","LV","Latvia",0.000000000,""
"Gonorrhoea","Disease surveillance|Confirmed cases - Men who have sex with men","Reported cases","N","1998","NO","Norway",42.000000000,""
"Gonorrhoea","Disease surveillance|Confirmed cases - Men who have sex with men","Reported cases","N","1998","PT","Portugal",0.000000000,""
"Gonorrhoea","Disease surveillance|Confirmed cases - Men who have sex with men","Reported cases","N","1998","RO","Romania",0.000000000,""
"Gonorrhoea","Disease surveillance|Confirmed cases - Men who have sex with men","Reported cases","N","1998","SE","Sweden",78.000000000,""
"Gonorrhoea","Disease surveillance|Confirmed cases - Men who have sex with men","Reported cases","N","1998","UK","United Kingdom",0.000000000,""
"Gonorrhoea","Disease surveillance|Confirmed cases - Men who have sex with men","Reported cases","N","1999","AT","Austria",0.000000000,""
"Gonorrhoea","Disease surveillance|Confirmed cases - Men who have sex with men","Reported cases","N","1999","BG","Bulgaria",0.000000000,""
"Gonorrhoea","Disease surveillance|Confirmed cases - Men who have sex with men","Reported cases","N","1999","CZ","Czechia",58.000000000,""
"Gonorrhoea","Disease surveillance|Confirmed cases - Men who have sex with men","Reported cases","N","1999","DK","Denmark",0.000000000,""
"Gonorrhoea","Disease surveillance|Confirmed cases - Men who have sex with men","Reported cases","N","1999","EE","Estonia",0.000000000,""
"Gonorrhoea","Disease surveillance|Confirmed cases - Men who have sex with men","Reported cases","N","1999","EL","Greece",0.000000000,""
"Gonorrhoea","Disease surveillance|Confirmed cases - Men who have sex with men","Reported cases","N","1999","ES","Spain",0.000000000,""
"Gonorrhoea","Disease surveillance|Confirmed cases - Men who have sex with men","Reported cases","N","1999","EU27_21","EU (without UK)",179.000000000,""
"Gonorrhoea","Disease surveillance|Confirmed cases - Men who have sex with men","Reported cases","N","1999","EU27_UK_21","EU (with UK until 2019)",179.000000000,""
"Gonorrhoea","Disease surveillance|Confirmed cases - Men who have sex with men","Reported cases","N","1999","EUEEA30_21","EU/EEA (without UK)",239.000000000,""
"Gonorrhoea","Disease surveillance|Confirmed cases - Men who have sex with men","Reported cases","N","1999","EUEEAUK_21","EU/EEA (with UK until 2019)",239.000000000,""
"Gonorrhoea","Disease surveillance|Confirmed cases - Men who have sex with men","Reported cases","N","1999","HU","Hungary",0.000000000,""
"Gonorrhoea","Disease surveillance|Confirmed cases - Men who have sex with men","Reported cases","N","1999","IE","Ireland",0.000000000,""
"Gonorrhoea","Disease surveillance|Confirmed cases - Men who have sex with men","Reported cases","N","1999","IS","Iceland",0.000000000,""
"Gonorrhoea","Disease surveillance|Confirmed cases - Men who have sex with men","Reported cases","N","1999","IT","Italy",0.000000000,""
"Gonorrhoea","Disease surveillance|Confirmed cases - Men who have sex with men","Reported cases","N","1999","LV","Latvia",0.000000000,""
"Gonorrhoea","Disease surveillance|Confirmed cases - Men who have sex with men","Reported cases","N","1999","NO","Norway",60.000000000,""
"Gonorrhoea","Disease surveillance|Confirmed cases - Men who have sex with men","Reported cases","N","1999","PT","Portugal",0.000000000,""
"Gonorrhoea","Disease surveillance|Confirmed cases - Men who have sex with men","Reported cases","N","1999","RO","Romania",0.000000000,""
"Gonorrhoea","Disease surveillance|Confirmed cases - Men who have sex with men","Reported cases","N","1999","SE","Sweden",121.000000000,""
"Gonorrhoea","Disease surveillance|Confirmed cases - Men who have sex with men","Reported cases","N","1999","UK","United Kingdom",0.000000000,""
"Gonorrhoea","Disease surveillance|Confirmed cases - Men who have sex with men","Reported cases","N","2000","AT","Austria",0.000000000,""
"Gonorrhoea","Disease surveillance|Confirmed cases - Men who have sex with men","Reported cases","N","2000","BG","Bulgaria",0.000000000,""
"Gonorrhoea","Disease surveillance|Confirmed cases - Men who have sex with men","Reported cases","N","2000","CZ","Czechia",49.000000000,""
"Gonorrhoea","Disease surveillance|Confirmed cases - Men who have sex with men","Reported cases","N","2000","DK","Denmark",53.000000000,""
"Gonorrhoea","Disease surveillance|Confirmed cases - Men who have sex with men","Reported cases","N","2000","EE","Estonia",0.000000000,""
"Gonorrhoea","Disease surveillance|Confirmed cases - Men who have sex with men","Reported cases","N","2000","EL","Greece",0.000000000,""
"Gonorrhoea","Disease surveillance|Confirmed cases - Men who have sex with men","Reported cases","N","2000","ES","Spain",0.000000000,""
"Gonorrhoea","Disease surveillance|Confirmed cases - Men who have sex with men","Reported cases","N","2000","EU27_21","EU (without UK)",347.000000000,""
"Gonorrhoea","Disease surveillance|Confirmed cases - Men who have sex with men","Reported cases","N","2000","EU27_UK_21","EU (with UK until 2019)",347.000000000,""
"Gonorrhoea","Disease surveillance|Confirmed cases - Men who have sex with men","Reported cases","N","2000","EUEEA30_21","EU/EEA (without UK)",419.000000000,""
"Gonorrhoea","Disease surveillance|Confirmed cases - Men who have sex with men","Reported cases","N","2000","EUEEAUK_21","EU/EEA (with UK until 2019)",419.000000000,""
"Gonorrhoea","Disease surveillance|Confirmed cases - Men who have sex with men","Reported cases","N","2000","FI","Finland",0.000000000,""
"Gonorrhoea","Disease surveillance|Confirmed cases - Men who have sex with men","Reported cases","N","2000","HU","Hungary",0.000000000,""
"Gonorrhoea","Disease surveillance|Confirmed cases - Men who have sex with men","Reported cases","N","2000","IE","Ireland",0.000000000,""
"Gonorrhoea","Disease surveillance|Confirmed cases - Men who have sex with men","Reported cases","N","2000","IS","Iceland",0.000000000,""
"Gonorrhoea","Disease surveillance|Confirmed cases - Men who have sex with men","Reported cases","N","2000","IT","Italy",0.000000000,""
"Gonorrhoea","Disease surveillance|Confirmed cases - Men who have sex with men","Reported cases","N","2000","LV","Latvia",0.000000000,""
"Gonorrhoea","Disease surveillance|Confirmed cases - Men who have sex with men","Reported cases","N","2000","NO","Norway",72.000000000,""
"Gonorrhoea","Disease surveillance|Confirmed cases - Men who have sex with men","Reported cases","N","2000","PT","Portugal",0.000000000,""
"Gonorrhoea","Disease surveillance|Confirmed cases - Men who have sex with men","Reported cases","N","2000","RO","Romania",0.000000000,""
"Gonorrhoea","Disease surveillance|Confirmed cases - Men who have sex with men","Reported cases","N","2000","SE","Sweden",245.000000000,""
"Gonorrhoea","Disease surveillance|Confirmed cases - Men who have sex with men","Reported cases","N","2000","UK","United Kingdom",0.000000000,""
"Gonorrhoea","Disease surveillance|Confirmed cases - Men who have sex with men","Reported cases","N","2001","AT","Austria",0.000000000,""
"Gonorrhoea","Disease surveillance|Confirmed cases - Men who have sex with men","Reported cases","N","2001","BG","Bulgaria",0.000000000,""
"Gonorrhoea","Disease surveillance|Confirmed cases - Men who have sex with men","Reported cases","N","2001","CZ","Czechia",76.000000000,""
"Gonorrhoea","Disease surveillance|Confirmed cases - Men who have sex with men","Reported cases","N","2001","DK","Denmark",59.000000000,""
"Gonorrhoea","Disease surveillance|Confirmed cases - Men who have sex with men","Reported cases","N","2001","EE","Estonia",0.000000000,""
"Gonorrhoea","Disease surveillance|Confirmed cases - Men who have sex with men","Reported cases","N","2001","EL","Greece",0.000000000,""
"Gonorrhoea","Disease surveillance|Confirmed cases - Men who have sex with men","Reported cases","N","2001","ES","Spain",0.000000000,""
"Gonorrhoea","Disease surveillance|Confirmed cases - Men who have sex with men","Reported cases","N","2001","EU27_21","EU (without UK)",309.000000000,""
"Gonorrhoea","Disease surveillance|Confirmed cases - Men who have sex with men","Reported cases","N","2001","EU27_UK_21","EU (with UK until 2019)",309.000000000,""
"Gonorrhoea","Disease surveillance|Confirmed cases - Men who have sex with men","Reported cases","N","2001","EUEEA30_21","EU/EEA (without UK)",369.000000000,""
"Gonorrhoea","Disease surveillance|Confirmed cases - Men who have sex with men","Reported cases","N","2001","EUEEAUK_21","EU/EEA (with UK until 2019)",369.000000000,""
"Gonorrhoea","Disease surveillance|Confirmed cases - Men who have sex with men","Reported cases","N","2001","FI","Finland",0.000000000,""
"Gonorrhoea","Disease surveillance|Confirmed cases - Men who have sex with men","Reported cases","N","2001","FR","France",0.000000000,""
"Gonorrhoea","Disease surveillance|Confirmed cases - Men who have sex with men","Reported cases","N","2001","HU","Hungary",0.000000000,""
"Gonorrhoea","Disease surveillance|Confirmed cases - Men who have sex with men","Reported cases","N","2001","IE","Ireland",0.000000000,""
"Gonorrhoea","Disease surveillance|Confirmed cases - Men who have sex with men","Reported cases","N","2001","IS","Iceland",0.000000000,""
"Gonorrhoea","Disease surveillance|Confirmed cases - Men who have sex with men","Reported cases","N","2001","IT","Italy",0.000000000,""
"Gonorrhoea","Disease surveillance|Confirmed cases - Men who have sex with men","Reported cases","N","2001","LV","Latvia",0.000000000,""
"Gonorrhoea","Disease surveillance|Confirmed cases - Men who have sex with men","Reported cases","N","2001","NO","Norway",60.000000000,""
"Gonorrhoea","Disease surveillance|Confirmed cases - Men who have sex with men","Reported cases","N","2001","PT","Portugal",0.000000000,""
"Gonorrhoea","Disease surveillance|Confirmed cases - Men who have sex with men","Reported cases","N","2001","RO","Romania",0.000000000,""
"Gonorrhoea","Disease surveillance|Confirmed cases - Men who have sex with men","Reported cases","N","2001","SE","Sweden",174.000000000,""
"Gonorrhoea","Disease surveillance|Confirmed cases - Men who have sex with men","Reported cases","N","2001","UK","United Kingdom",0.000000000,""
"Gonorrhoea","Disease surveillance|Confirmed cases - Men who have sex with men","Reported cases","N","2002","AT","Austria",0.000000000,""
"Gonorrhoea","Disease surveillance|Confirmed cases - Men who have sex with men","Reported cases","N","2002","BG","Bulgaria",0.000000000,""
"Gonorrhoea","Disease surveillance|Confirmed cases - Men who have sex with men","Reported cases","N","2002","CZ","Czechia",65.000000000,""
"Gonorrhoea","Disease surveillance|Confirmed cases - Men who have sex with men","Reported cases","N","2002","DK","Denmark",83.000000000,""
"Gonorrhoea","Disease surveillance|Confirmed cases - Men who have sex with men","Reported cases","N","2002","EE","Estonia",0.000000000,""
"Gonorrhoea","Disease surveillance|Confirmed cases - Men who have sex with men","Reported cases","N","2002","EL","Greece",0.000000000,""
"Gonorrhoea","Disease surveillance|Confirmed cases - Men who have sex with men","Reported cases","N","2002","ES","Spain",0.000000000,""
"Gonorrhoea","Disease surveillance|Confirmed cases - Men who have sex with men","Reported cases","N","2002","EU27_21","EU (without UK)",342.000000000,""
"Gonorrhoea","Disease surveillance|Confirmed cases - Men who have sex with men","Reported cases","N","2002","EU27_UK_21","EU (with UK until 2019)",342.000000000,""
"Gonorrhoea","Disease surveillance|Confirmed cases - Men who have sex with men","Reported cases","N","2002","EUEEA30_21","EU/EEA (without UK)",425.000000000,""
"Gonorrhoea","Disease surveillance|Confirmed cases - Men who have sex with men","Reported cases","N","2002","EUEEAUK_21","EU/EEA (with UK until 2019)",425.000000000,""
"Gonorrhoea","Disease surveillance|Confirmed cases - Men who have sex with men","Reported cases","N","2002","FI","Finland",0.000000000,""
"Gonorrhoea","Disease surveillance|Confirmed cases - Men who have sex with men","Reported cases","N","2002","FR","France",0.000000000,""
"Gonorrhoea","Disease surveillance|Confirmed cases - Men who have sex with men","Reported cases","N","2002","HU","Hungary",0.000000000,""
"Gonorrhoea","Disease surveillance|Confirmed cases - Men who have sex with men","Reported cases","N","2002","IE","Ireland",0.000000000,""
"Gonorrhoea","Disease surveillance|Confirmed cases - Men who have sex with men","Reported cases","N","2002","IS","Iceland",0.000000000,""
"Gonorrhoea","Disease surveillance|Confirmed cases - Men who have sex with men","Reported cases","N","2002","IT","Italy",0.000000000,""
"Gonorrhoea","Disease surveillance|Confirmed cases - Men who have sex with men","Reported cases","N","2002","LV","Latvia",0.000000000,""
"Gonorrhoea","Disease surveillance|Confirmed cases - Men who have sex with men","Reported cases","N","2002","NO","Norway",83.000000000,""
"Gonorrhoea","Disease surveillance|Confirmed cases - Men who have sex with men","Reported cases","N","2002","PT","Portugal",0.000000000,""
"Gonorrhoea","Disease surveillance|Confirmed cases - Men who have sex with men","Reported cases","N","2002","RO","Romania",0.000000000,""
"Gonorrhoea","Disease surveillance|Confirmed cases - Men who have sex with men","Reported cases","N","2002","SE","Sweden",194.000000000,""
"Gonorrhoea","Disease surveillance|Confirmed cases - Men who have sex with men","Reported cases","N","2002","UK","United Kingdom",0.000000000,""
"Gonorrhoea","Disease surveillance|Confirmed cases - Men who have sex with men","Reported cases","N","2003","AT","Austria",0.000000000,""
"Gonorrhoea","Disease surveillance|Confirmed cases - Men who have sex with men","Reported cases","N","2003","BG","Bulgaria",0.000000000,""
"Gonorrhoea","Disease surveillance|Confirmed cases - Men who have sex with men","Reported cases","N","2003","CZ","Czechia",114.000000000,""
"Gonorrhoea","Disease surveillance|Confirmed cases - Men who have sex with men","Reported cases","N","2003","DK","Denmark",69.000000000,""
"Gonorrhoea","Disease surveillance|Confirmed cases - Men who have sex with men","Reported cases","N","2003","EE","Estonia",0.000000000,""
"Gonorrhoea","Disease surveillance|Confirmed cases - Men who have sex with men","Reported cases","N","2003","EL","Greece",0.000000000,""
"Gonorrhoea","Disease surveillance|Confirmed cases - Men who have sex with men","Reported cases","N","2003","ES","Spain",0.000000000,""
"Gonorrhoea","Disease surveillance|Confirmed cases - Men who have sex with men","Reported cases","N","2003","EU27_21","EU (without UK)",387.000000000,""
"Gonorrhoea","Disease surveillance|Confirmed cases - Men who have sex with men","Reported cases","N","2003","EU27_UK_21","EU (with UK until 2019)",387.000000000,""
"Gonorrhoea","Disease surveillance|Confirmed cases - Men who have sex with men","Reported cases","N","2003","EUEEA30_21","EU/EEA (without UK)",458.000000000,""
"Gonorrhoea","Disease surveillance|Confirmed cases - Men who have sex with men","Reported cases","N","2003","EUEEAUK_21","EU/EEA (with UK until 2019)",458.000000000,""
"Gonorrhoea","Disease surveillance|Confirmed cases - Men who have sex with men","Reported cases","N","2003","FI","Finland",0.000000000,""
"Gonorrhoea","Disease surveillance|Confirmed cases - Men who have sex with men","Reported cases","N","2003","FR","France",0.000000000,""
"Gonorrhoea","Disease surveillance|Confirmed cases - Men who have sex with men","Reported cases","N","2003","HU","Hungary",0.000000000,""
"Gonorrhoea","Disease surveillance|Confirmed cases - Men who have sex with men","Reported cases","N","2003","IE","Ireland",0.000000000,""
"Gonorrhoea","Disease surveillance|Confirmed cases - Men who have sex with men","Reported cases","N","2003","IS","Iceland",0.000000000,""
"Gonorrhoea","Disease surveillance|Confirmed cases - Men who have sex with men","Reported cases","N","2003","IT","Italy",0.000000000,""
"Gonorrhoea","Disease surveillance|Confirmed cases - Men who have sex with men","Reported cases","N","2003","LT","Lithuania",0.000000000,""
"Gonorrhoea","Disease surveillance|Confirmed cases - Men who have sex with men","Reported cases","N","2003","LV","Latvia",0.000000000,""
"Gonorrhoea","Disease surveillance|Confirmed cases - Men who have sex with men","Reported cases","N","2003","NO","Norway",71.000000000,""
"Gonorrhoea","Disease surveillance|Confirmed cases - Men who have sex with men","Reported cases","N","2003","PT","Portugal",0.000000000,""
"Gonorrhoea","Disease surveillance|Confirmed cases - Men who have sex with men","Reported cases","N","2003","RO","Romania",0.000000000,""
"Gonorrhoea","Disease surveillance|Confirmed cases - Men who have sex with men","Reported cases","N","2003","SE","Sweden",204.000000000,""
"Gonorrhoea","Disease surveillance|Confirmed cases - Men who have sex with men","Reported cases","N","2003","UK","United Kingdom",0.000000000,""
"Gonorrhoea","Disease surveillance|Confirmed cases - Men who have sex with men","Reported cases","N","2004","AT","Austria",0.000000000,""
"Gonorrhoea","Disease surveillance|Confirmed cases - Men who have sex with men","Reported cases","N","2004","BG","Bulgaria",0.000000000,""
"Gonorrhoea","Disease surveillance|Confirmed cases - Men who have sex with men","Reported cases","N","2004","CZ","Czechia",96.000000000,""
"Gonorrhoea","Disease surveillance|Confirmed cases - Men who have sex with men","Reported cases","N","2004","DK","Denmark",200.000000000,""
"Gonorrhoea","Disease surveillance|Confirmed cases - Men who have sex with men","Reported cases","N","2004","EE","Estonia",0.000000000,""
"Gonorrhoea","Disease surveillance|Confirmed cases - Men who have sex with men","Reported cases","N","2004","EL","Greece",0.000000000,""
"Gonorrhoea","Disease surveillance|Confirmed cases - Men who have sex with men","Reported cases","N","2004","ES","Spain",0.000000000,""
"Gonorrhoea","Disease surveillance|Confirmed cases - Men who have sex with men","Reported cases","N","2004","EU27_21","EU (without UK)",1417.000000000,""
"Gonorrhoea","Disease surveillance|Confirmed cases - Men who have sex with men","Reported cases","N","2004","EU27_UK_21","EU (with UK until 2019)",1417.000000000,""
"Gonorrhoea","Disease surveillance|Confirmed cases - Men who have sex with men","Reported cases","N","2004","EUEEA30_21","EU/EEA (without UK)",1526.000000000,""
"Gonorrhoea","Disease surveillance|Confirmed cases - Men who have sex with men","Reported cases","N","2004","EUEEAUK_21","EU/EEA (with UK until 2019)",1526.000000000,""
"Gonorrhoea","Disease surveillance|Confirmed cases - Men who have sex with men","Reported cases","N","2004","FI","Finland",0.000000000,""
"Gonorrhoea","Disease surveillance|Confirmed cases - Men who have sex with men","Reported cases","N","2004","FR","France",68.000000000,""
"Gonorrhoea","Disease surveillance|Confirmed cases - Men who have sex with men","Reported cases","N","2004","HU","Hungary",0.000000000,""
"Gonorrhoea","Disease surveillance|Confirmed cases - Men who have sex with men","Reported cases","N","2004","IE","Ireland",0.000000000,""
"Gonorrhoea","Disease surveillance|Confirmed cases - Men who have sex with men","Reported cases","N","2004","IS","Iceland",0.000000000,""
"Gonorrhoea","Disease surveillance|Confirmed cases - Men who have sex with men","Reported cases","N","2004","IT","Italy",0.000000000,""
"Gonorrhoea","Disease surveillance|Confirmed cases - Men who have sex with men","Reported cases","N","2004","LT","Lithuania",0.000000000,""
"Gonorrhoea","Disease surveillance|Confirmed cases - Men who have sex with men","Reported cases","N","2004","LV","Latvia",0.000000000,""
"Gonorrhoea","Disease surveillance|Confirmed cases - Men who have sex with men","Reported cases","N","2004","NL","Netherlands",786.000000000,""
"Gonorrhoea","Disease surveillance|Confirmed cases - Men who have sex with men","Reported cases","N","2004","NO","Norway",109.000000000,""
"Gonorrhoea","Disease surveillance|Confirmed cases - Men who have sex with men","Reported cases","N","2004","PT","Portugal",0.000000000,""
"Gonorrhoea","Disease surveillance|Confirmed cases - Men who have sex with men","Reported cases","N","2004","RO","Romania",0.000000000,""
"Gonorrhoea","Disease surveillance|Confirmed cases - Men who have sex with men","Reported cases","N","2004","SE","Sweden",267.000000000,""
"Gonorrhoea","Disease surveillance|Confirmed cases - Men who have sex with men","Reported cases","N","2004","UK","United Kingdom",0.000000000,""
"Gonorrhoea","Disease surveillance|Confirmed cases - Men who have sex with men","Reported cases","N","2005","AT","Austria",0.000000000,""
"Gonorrhoea","Disease surveillance|Confirmed cases - Men who have sex with men","Reported cases","N","2005","BG","Bulgaria",0.000000000,""
"Gonorrhoea","Disease surveillance|Confirmed cases - Men who have sex with men","Reported cases","N","2005","CZ","Czechia",167.000000000,""
"Gonorrhoea","Disease surveillance|Confirmed cases - Men who have sex with men","Reported cases","N","2005","DK","Denmark",204.000000000,""
"Gonorrhoea","Disease surveillance|Confirmed cases - Men who have sex with men","Reported cases","N","2005","EE","Estonia",0.000000000,""
"Gonorrhoea","Disease surveillance|Confirmed cases - Men who have sex with men","Reported cases","N","2005","EL","Greece",0.000000000,""
"Gonorrhoea","Disease surveillance|Confirmed cases - Men who have sex with men","Reported cases","N","2005","ES","Spain",0.000000000,""
"Gonorrhoea","Disease surveillance|Confirmed cases - Men who have sex with men","Reported cases","N","2005","EU27_21","EU (without UK)",1645.000000000,""
"Gonorrhoea","Disease surveillance|Confirmed cases - Men who have sex with men","Reported cases","N","2005","EU27_UK_21","EU (with UK until 2019)",1645.000000000,""
"Gonorrhoea","Disease surveillance|Confirmed cases - Men who have sex with men","Reported cases","N","2005","EUEEA30_21","EU/EEA (without UK)",1725.000000000,""
"Gonorrhoea","Disease surveillance|Confirmed cases - Men who have sex with men","Reported cases","N","2005","EUEEAUK_21","EU/EEA (with UK until 2019)",1725.000000000,""
"Gonorrhoea","Disease surveillance|Confirmed cases - Men who have sex with men","Reported cases","N","2005","FI","Finland",0.000000000,""
"Gonorrhoea","Disease surveillance|Confirmed cases - Men who have sex with men","Reported cases","N","2005","FR","France",104.000000000,""
"Gonorrhoea","Disease surveillance|Confirmed cases - Men who have sex with men","Reported cases","N","2005","HU","Hungary",0.000000000,""
"Gonorrhoea","Disease surveillance|Confirmed cases - Men who have sex with men","Reported cases","N","2005","IE","Ireland",0.000000000,""
"Gonorrhoea","Disease surveillance|Confirmed cases - Men who have sex with men","Reported cases","N","2005","IS","Iceland",0.000000000,""
"Gonorrhoea","Disease surveillance|Confirmed cases - Men who have sex with men","Reported cases","N","2005","IT","Italy",0.000000000,""
"Gonorrhoea","Disease surveillance|Confirmed cases - Men who have sex with men","Reported cases","N","2005","LT","Lithuania",0.000000000,""
"Gonorrhoea","Disease surveillance|Confirmed cases - Men who have sex with men","Reported cases","N","2005","LU","Luxembourg",0.000000000,""
"Gonorrhoea","Disease surveillance|Confirmed cases - Men who have sex with men","Reported cases","N","2005","LV","Latvia",0.000000000,""
"Gonorrhoea","Disease surveillance|Confirmed cases - Men who have sex with men","Reported cases","N","2005","NL","Netherlands",848.000000000,""
"Gonorrhoea","Disease surveillance|Confirmed cases - Men who have sex with men","Reported cases","N","2005","NO","Norway",80.000000000,""
"Gonorrhoea","Disease surveillance|Confirmed cases - Men who have sex with men","Reported cases","N","2005","PT","Portugal",0.000000000,""
"Gonorrhoea","Disease surveillance|Confirmed cases - Men who have sex with men","Reported cases","N","2005","RO","Romania",0.000000000,""
"Gonorrhoea","Disease surveillance|Confirmed cases - Men who have sex with men","Reported cases","N","2005","SE","Sweden",322.000000000,""
"Gonorrhoea","Disease surveillance|Confirmed cases - Men who have sex with men","Reported cases","N","2005","UK","United Kingdom",0.000000000,""
"Gonorrhoea","Disease surveillance|Confirmed cases - Men who have sex with men","Reported cases","N","2006","AT","Austria",10.000000000,""
"Gonorrhoea","Disease surveillance|Confirmed cases - Men who have sex with men","Reported cases","N","2006","BE","Belgium",0.000000000,""
"Gonorrhoea","Disease surveillance|Confirmed cases - Men who have sex with men","Reported cases","N","2006","BG","Bulgaria",0.000000000,""
"Gonorrhoea","Disease surveillance|Confirmed cases - Men who have sex with men","Reported cases","N","2006","CY","Cyprus",0.000000000,""
"Gonorrhoea","Disease surveillance|Confirmed cases - Men who have sex with men","Reported cases","N","2006","CZ","Czechia",183.000000000,""
"Gonorrhoea","Disease surveillance|Confirmed cases - Men who have sex with men","Reported cases","N","2006","DK","Denmark",147.000000000,""
"Gonorrhoea","Disease surveillance|Confirmed cases - Men who have sex with men","Reported cases","N","2006","EE","Estonia",0.000000000,""
"Gonorrhoea","Disease surveillance|Confirmed cases - Men who have sex with men","Reported cases","N","2006","EL","Greece",0.000000000,""
"Gonorrhoea","Disease surveillance|Confirmed cases - Men who have sex with men","Reported cases","N","2006","ES","Spain",0.000000000,""
"Gonorrhoea","Disease surveillance|Confirmed cases - Men who have sex with men","Reported cases","N","2006","EU27_21","EU (without UK)",1661.000000000,""
"Gonorrhoea","Disease surveillance|Confirmed cases - Men who have sex with men","Reported cases","N","2006","EU27_UK_21","EU (with UK until 2019)",1661.000000000,""
"Gonorrhoea","Disease surveillance|Confirmed cases - Men who have sex with men","Reported cases","N","2006","EUEEA30_21","EU/EEA (without UK)",1729.000000000,""
"Gonorrhoea","Disease surveillance|Confirmed cases - Men who have sex with men","Reported cases","N","2006","EUEEAUK_21","EU/EEA (with UK until 2019)",1729.000000000,""
"Gonorrhoea","Disease surveillance|Confirmed cases - Men who have sex with men","Reported cases","N","2006","FI","Finland",0.000000000,""
"Gonorrhoea","Disease surveillance|Confirmed cases - Men who have sex with men","Reported cases","N","2006","FR","France",132.000000000,""
"Gonorrhoea","Disease surveillance|Confirmed cases - Men who have sex with men","Reported cases","N","2006","HU","Hungary",0.000000000,""
"Gonorrhoea","Disease surveillance|Confirmed cases - Men who have sex with men","Reported cases","N","2006","IE","Ireland",0.000000000,""
"Gonorrhoea","Disease surveillance|Confirmed cases - Men who have sex with men","Reported cases","N","2006","IS","Iceland",0.000000000,""
"Gonorrhoea","Disease surveillance|Confirmed cases - Men who have sex with men","Reported cases","N","2006","IT","Italy",0.000000000,""
"Gonorrhoea","Disease surveillance|Confirmed cases - Men who have sex with men","Reported cases","N","2006","LT","Lithuania",0.000000000,""
"Gonorrhoea","Disease surveillance|Confirmed cases - Men who have sex with men","Reported cases","N","2006","LU","Luxembourg",0.000000000,""
"Gonorrhoea","Disease surveillance|Confirmed cases - Men who have sex with men","Reported cases","N","2006","LV","Latvia",0.000000000,""
"Gonorrhoea","Disease surveillance|Confirmed cases - Men who have sex with men","Reported cases","N","2006","MT","Malta",20.000000000,""
"Gonorrhoea","Disease surveillance|Confirmed cases - Men who have sex with men","Reported cases","N","2006","NL","Netherlands",966.000000000,""
"Gonorrhoea","Disease surveillance|Confirmed cases - Men who have sex with men","Reported cases","N","2006","NO","Norway",68.000000000,""
"Gonorrhoea","Disease surveillance|Confirmed cases - Men who have sex with men","Reported cases","N","2006","PT","Portugal",0.000000000,""
"Gonorrhoea","Disease surveillance|Confirmed cases - Men who have sex with men","Reported cases","N","2006","RO","Romania",0.000000000,""
"Gonorrhoea","Disease surveillance|Confirmed cases - Men who have sex with men","Reported cases","N","2006","SE","Sweden",191.000000000,""
"Gonorrhoea","Disease surveillance|Confirmed cases - Men who have sex with men","Reported cases","N","2006","SI","Slovenia",12.000000000,""
"Gonorrhoea","Disease surveillance|Confirmed cases - Men who have sex with men","Reported cases","N","2006","SK","Slovakia",0.000000000,""
"Gonorrhoea","Disease surveillance|Confirmed cases - Men who have sex with men","Reported cases","N","2006","UK","United Kingdom",0.000000000,""
"Gonorrhoea","Disease surveillance|Confirmed cases - Men who have sex with men","Reported cases","N","2007","AT","Austria",0.000000000,""
"Gonorrhoea","Disease surveillance|Confirmed cases - Men who have sex with men","Reported cases","N","2007","BE","Belgium",0.000000000,""
"Gonorrhoea","Disease surveillance|Confirmed cases - Men who have sex with men","Reported cases","N","2007","BG","Bulgaria",0.000000000,""
"Gonorrhoea","Disease surveillance|Confirmed cases - Men who have sex with men","Reported cases","N","2007","CY","Cyprus",0.000000000,""
"Gonorrhoea","Disease surveillance|Confirmed cases - Men who have sex with men","Reported cases","N","2007","CZ","Czechia",200.000000000,""
"Gonorrhoea","Disease surveillance|Confirmed cases - Men who have sex with men","Reported cases","N","2007","DK","Denmark",126.000000000,""
"Gonorrhoea","Disease surveillance|Confirmed cases - Men who have sex with men","Reported cases","N","2007","EE","Estonia",0.000000000,""
"Gonorrhoea","Disease surveillance|Confirmed cases - Men who have sex with men","Reported cases","N","2007","EL","Greece",0.000000000,""
"Gonorrhoea","Disease surveillance|Confirmed cases - Men who have sex with men","Reported cases","N","2007","ES","Spain",0.000000000,""
"Gonorrhoea","Disease surveillance|Confirmed cases - Men who have sex with men","Reported cases","N","2007","EU27_21","EU (without UK)",1651.000000000,""
"Gonorrhoea","Disease surveillance|Confirmed cases - Men who have sex with men","Reported cases","N","2007","EU27_UK_21","EU (with UK until 2019)",1651.000000000,""
"Gonorrhoea","Disease surveillance|Confirmed cases - Men who have sex with men","Reported cases","N","2007","EUEEA30_21","EU/EEA (without UK)",1729.000000000,""
"Gonorrhoea","Disease surveillance|Confirmed cases - Men who have sex with men","Reported cases","N","2007","EUEEAUK_21","EU/EEA (with UK until 2019)",1729.000000000,""
"Gonorrhoea","Disease surveillance|Confirmed cases - Men who have sex with men","Reported cases","N","2007","FI","Finland",0.000000000,""
"Gonorrhoea","Disease surveillance|Confirmed cases - Men who have sex with men","Reported cases","N","2007","FR","France",128.000000000,""
"Gonorrhoea","Disease surveillance|Confirmed cases - Men who have sex with men","Reported cases","N","2007","HU","Hungary",0.000000000,""
"Gonorrhoea","Disease surveillance|Confirmed cases - Men who have sex with men","Reported cases","N","2007","IE","Ireland",0.000000000,""
"Gonorrhoea","Disease surveillance|Confirmed cases - Men who have sex with men","Reported cases","N","2007","IS","Iceland",1.000000000,""
"Gonorrhoea","Disease surveillance|Confirmed cases - Men who have sex with men","Reported cases","N","2007","IT","Italy",0.000000000,""
"Gonorrhoea","Disease surveillance|Confirmed cases - Men who have sex with men","Reported cases","N","2007","LT","Lithuania",0.000000000,""
"Gonorrhoea","Disease surveillance|Confirmed cases - Men who have sex with men","Reported cases","N","2007","LU","Luxembourg",0.000000000,""
"Gonorrhoea","Disease surveillance|Confirmed cases - Men who have sex with men","Reported cases","N","2007","LV","Latvia",0.000000000,""
"Gonorrhoea","Disease surveillance|Confirmed cases - Men who have sex with men","Reported cases","N","2007","MT","Malta",11.000000000,""
"Gonorrhoea","Disease surveillance|Confirmed cases - Men who have sex with men","Reported cases","N","2007","NL","Netherlands",964.000000000,""
"Gonorrhoea","Disease surveillance|Confirmed cases - Men who have sex with men","Reported cases","N","2007","NO","Norway",77.000000000,""
"Gonorrhoea","Disease surveillance|Confirmed cases - Men who have sex with men","Reported cases","N","2007","PT","Portugal",0.000000000,""
"Gonorrhoea","Disease surveillance|Confirmed cases - Men who have sex with men","Reported cases","N","2007","RO","Romania",0.000000000,""
"Gonorrhoea","Disease surveillance|Confirmed cases - Men who have sex with men","Reported cases","N","2007","SE","Sweden",197.000000000,""
"Gonorrhoea","Disease surveillance|Confirmed cases - Men who have sex with men","Reported cases","N","2007","SI","Slovenia",25.000000000,""
"Gonorrhoea","Disease surveillance|Confirmed cases - Men who have sex with men","Reported cases","N","2007","SK","Slovakia",0.000000000,""
"Gonorrhoea","Disease surveillance|Confirmed cases - Men who have sex with men","Reported cases","N","2007","UK","United Kingdom",0.000000000,""
"Gonorrhoea","Disease surveillance|Confirmed cases - Men who have sex with men","Reported cases","N","2008","AT","Austria",12.000000000,""
"Gonorrhoea","Disease surveillance|Confirmed cases - Men who have sex with men","Reported cases","N","2008","BE","Belgium",0.000000000,""
"Gonorrhoea","Disease surveillance|Confirmed cases - Men who have sex with men","Reported cases","N","2008","BG","Bulgaria",0.000000000,""
"Gonorrhoea","Disease surveillance|Confirmed cases - Men who have sex with men","Reported cases","N","2008","CY","Cyprus",0.000000000,""
"Gonorrhoea","Disease surveillance|Confirmed cases - Men who have sex with men","Reported cases","N","2008","CZ","Czechia",145.000000000,""
"Gonorrhoea","Disease surveillance|Confirmed cases - Men who have sex with men","Reported cases","N","2008","DK","Denmark",117.000000000,""
"Gonorrhoea","Disease surveillance|Confirmed cases - Men who have sex with men","Reported cases","N","2008","EE","Estonia",0.000000000,""
"Gonorrhoea","Disease surveillance|Confirmed cases - Men who have sex with men","Reported cases","N","2008","EL","Greece",0.000000000,""
"Gonorrhoea","Disease surveillance|Confirmed cases - Men who have sex with men","Reported cases","N","2008","ES","Spain",0.000000000,""
"Gonorrhoea","Disease surveillance|Confirmed cases - Men who have sex with men","Reported cases","N","2008","EU27_21","EU (without UK)",1787.000000000,""
"Gonorrhoea","Disease surveillance|Confirmed cases - Men who have sex with men","Reported cases","N","2008","EU27_UK_21","EU (with UK until 2019)",1787.000000000,""
"Gonorrhoea","Disease surveillance|Confirmed cases - Men who have sex with men","Reported cases","N","2008","EUEEA30_21","EU/EEA (without UK)",1886.000000000,""
"Gonorrhoea","Disease surveillance|Confirmed cases - Men who have sex with men","Reported cases","N","2008","EUEEAUK_21","EU/EEA (with UK until 2019)",1886.000000000,""
"Gonorrhoea","Disease surveillance|Confirmed cases - Men who have sex with men","Reported cases","N","2008","FI","Finland",0.000000000,""
"Gonorrhoea","Disease surveillance|Confirmed cases - Men who have sex with men","Reported cases","N","2008","FR","France",149.000000000,""
"Gonorrhoea","Disease surveillance|Confirmed cases - Men who have sex with men","Reported cases","N","2008","HU","Hungary",0.000000000,""
"Gonorrhoea","Disease surveillance|Confirmed cases - Men who have sex with men","Reported cases","N","2008","IE","Ireland",0.000000000,""
"Gonorrhoea","Disease surveillance|Confirmed cases - Men who have sex with men","Reported cases","N","2008","IS","Iceland",1.000000000,""
"Gonorrhoea","Disease surveillance|Confirmed cases - Men who have sex with men","Reported cases","N","2008","IT","Italy",0.000000000,""
"Gonorrhoea","Disease surveillance|Confirmed cases - Men who have sex with men","Reported cases","N","2008","LT","Lithuania",9.000000000,""
"Gonorrhoea","Disease surveillance|Confirmed cases - Men who have sex with men","Reported cases","N","2008","LU","Luxembourg",0.000000000,""
"Gonorrhoea","Disease surveillance|Confirmed cases - Men who have sex with men","Reported cases","N","2008","LV","Latvia",1.000000000,""
"Gonorrhoea","Disease surveillance|Confirmed cases - Men who have sex with men","Reported cases","N","2008","MT","Malta",7.000000000,""
"Gonorrhoea","Disease surveillance|Confirmed cases - Men who have sex with men","Reported cases","N","2008","NL","Netherlands",1095.000000000,""
"Gonorrhoea","Disease surveillance|Confirmed cases - Men who have sex with men","Reported cases","N","2008","NO","Norway",98.000000000,""
"Gonorrhoea","Disease surveillance|Confirmed cases - Men who have sex with men","Reported cases","N","2008","PT","Portugal",0.000000000,""
"Gonorrhoea","Disease surveillance|Confirmed cases - Men who have sex with men","Reported cases","N","2008","RO","Romania",0.000000000,""
"Gonorrhoea","Disease surveillance|Confirmed cases - Men who have sex with men","Reported cases","N","2008","SE","Sweden",242.000000000,""
"Gonorrhoea","Disease surveillance|Confirmed cases - Men who have sex with men","Reported cases","N","2008","SI","Slovenia",10.000000000,""
"Gonorrhoea","Disease surveillance|Confirmed cases - Men who have sex with men","Reported cases","N","2008","SK","Slovakia",0.000000000,""
"Gonorrhoea","Disease surveillance|Confirmed cases - Men who have sex with men","Reported cases","N","2008","UK","United Kingdom",0.000000000,""
"Gonorrhoea","Disease surveillance|Confirmed cases - Men who have sex with men","Reported cases","N","2009","AT","Austria",6.000000000,""
"Gonorrhoea","Disease surveillance|Confirmed cases - Men who have sex with men","Reported cases","N","2009","BE","Belgium",0.000000000,""
"Gonorrhoea","Disease surveillance|Confirmed cases - Men who have sex with men","Reported cases","N","2009","BG","Bulgaria",0.000000000,""
"Gonorrhoea","Disease surveillance|Confirmed cases - Men who have sex with men","Reported cases","N","2009","CY","Cyprus",0.000000000,""
"Gonorrhoea","Disease surveillance|Confirmed cases - Men who have sex with men","Reported cases","N","2009","CZ","Czechia",169.000000000,""
"Gonorrhoea","Disease surveillance|Confirmed cases - Men who have sex with men","Reported cases","N","2009","DK","Denmark",158.000000000,""
"Gonorrhoea","Disease surveillance|Confirmed cases - Men who have sex with men","Reported cases","N","2009","EE","Estonia",0.000000000,""
"Gonorrhoea","Disease surveillance|Confirmed cases - Men who have sex with men","Reported cases","N","2009","EL","Greece",0.000000000,""
"Gonorrhoea","Disease surveillance|Confirmed cases - Men who have sex with men","Reported cases","N","2009","ES","Spain",0.000000000,""
"Gonorrhoea","Disease surveillance|Confirmed cases - Men who have sex with men","Reported cases","N","2009","EU27_21","EU (without UK)",2137.000000000,""
"Gonorrhoea","Disease surveillance|Confirmed cases - Men who have sex with men","Reported cases","N","2009","EU27_UK_21","EU (with UK until 2019)",2137.000000000,""
"Gonorrhoea","Disease surveillance|Confirmed cases - Men who have sex with men","Reported cases","N","2009","EUEEA30_21","EU/EEA (without UK)",2232.000000000,""
"Gonorrhoea","Disease surveillance|Confirmed cases - Men who have sex with men","Reported cases","N","2009","EUEEAUK_21","EU/EEA (with UK until 2019)",2232.000000000,""
"Gonorrhoea","Disease surveillance|Confirmed cases - Men who have sex with men","Reported cases","N","2009","FI","Finland",0.000000000,""
"Gonorrhoea","Disease surveillance|Confirmed cases - Men who have sex with men","Reported cases","N","2009","FR","France",214.000000000,""
"Gonorrhoea","Disease surveillance|Confirmed cases - Men who have sex with men","Reported cases","N","2009","HU","Hungary",0.000000000,""
"Gonorrhoea","Disease surveillance|Confirmed cases - Men who have sex with men","Reported cases","N","2009","IE","Ireland",0.000000000,""
"Gonorrhoea","Disease surveillance|Confirmed cases - Men who have sex with men","Reported cases","N","2009","IS","Iceland",0.000000000,""
"Gonorrhoea","Disease surveillance|Confirmed cases - Men who have sex with men","Reported cases","N","2009","IT","Italy",0.000000000,""
"Gonorrhoea","Disease surveillance|Confirmed cases - Men who have sex with men","Reported cases","N","2009","LT","Lithuania",1.000000000,""
"Gonorrhoea","Disease surveillance|Confirmed cases - Men who have sex with men","Reported cases","N","2009","LU","Luxembourg",0.000000000,""
"Gonorrhoea","Disease surveillance|Confirmed cases - Men who have sex with men","Reported cases","N","2009","LV","Latvia",6.000000000,""
"Gonorrhoea","Disease surveillance|Confirmed cases - Men who have sex with men","Reported cases","N","2009","MT","Malta",12.000000000,""
"Gonorrhoea","Disease surveillance|Confirmed cases - Men who have sex with men","Reported cases","N","2009","NL","Netherlands",1392.000000000,""
"Gonorrhoea","Disease surveillance|Confirmed cases - Men who have sex with men","Reported cases","N","2009","NO","Norway",95.000000000,""
"Gonorrhoea","Disease surveillance|Confirmed cases - Men who have sex with men","Reported cases","N","2009","PT","Portugal",0.000000000,""
"Gonorrhoea","Disease surveillance|Confirmed cases - Men who have sex with men","Reported cases","N","2009","RO","Romania",0.000000000,""
"Gonorrhoea","Disease surveillance|Confirmed cases - Men who have sex with men","Reported cases","N","2009","SE","Sweden",172.000000000,""
"Gonorrhoea","Disease surveillance|Confirmed cases - Men who have sex with men","Reported cases","N","2009","SI","Slovenia",7.000000000,""
"Gonorrhoea","Disease surveillance|Confirmed cases - Men who have sex with men","Reported cases","N","2009","SK","Slovakia",0.000000000,""
"Gonorrhoea","Disease surveillance|Confirmed cases - Men who have sex with men","Reported cases","N","2009","UK","United Kingdom",0.000000000,""
"Gonorrhoea","Disease surveillance|Confirmed cases - Men who have sex with men","Reported cases","N","2010","AT","Austria",34.000000000,""
"Gonorrhoea","Disease surveillance|Confirmed cases - Men who have sex with men","Reported cases","N","2010","BE","Belgium",0.000000000,""
"Gonorrhoea","Disease surveillance|Confirmed cases - Men who have sex with men","Reported cases","N","2010","BG","Bulgaria",0.000000000,""
"Gonorrhoea","Disease surveillance|Confirmed cases - Men who have sex with men","Reported cases","N","2010","CY","Cyprus",0.000000000,""
"Gonorrhoea","Disease surveillance|Confirmed cases - Men who have sex with men","Reported cases","N","2010","CZ","Czechia",161.000000000,""
"Gonorrhoea","Disease surveillance|Confirmed cases - Men who have sex with men","Reported cases","N","2010","DK","Denmark",153.000000000,""
"Gonorrhoea","Disease surveillance|Confirmed cases - Men who have sex with men","Reported cases","N","2010","EE","Estonia",0.000000000,""
"Gonorrhoea","Disease surveillance|Confirmed cases - Men who have sex with men","Reported cases","N","2010","EL","Greece",0.000000000,""
"Gonorrhoea","Disease surveillance|Confirmed cases - Men who have sex with men","Reported cases","N","2010","ES","Spain",0.000000000,""
"Gonorrhoea","Disease surveillance|Confirmed cases - Men who have sex with men","Reported cases","N","2010","EU27_21","EU (without UK)",2534.000000000,""
"Gonorrhoea","Disease surveillance|Confirmed cases - Men who have sex with men","Reported cases","N","2010","EU27_UK_21","EU (with UK until 2019)",2534.000000000,""
"Gonorrhoea","Disease surveillance|Confirmed cases - Men who have sex with men","Reported cases","N","2010","EUEEA30_21","EU/EEA (without UK)",2749.000000000,""
"Gonorrhoea","Disease surveillance|Confirmed cases - Men who have sex with men","Reported cases","N","2010","EUEEAUK_21","EU/EEA (with UK until 2019)",2749.000000000,""
"Gonorrhoea","Disease surveillance|Confirmed cases - Men who have sex with men","Reported cases","N","2010","FI","Finland",0.000000000,""
"Gonorrhoea","Disease surveillance|Confirmed cases - Men who have sex with men","Reported cases","N","2010","FR","France",254.000000000,""
"Gonorrhoea","Disease surveillance|Confirmed cases - Men who have sex with men","Reported cases","N","2010","HU","Hungary",0.000000000,""
"Gonorrhoea","Disease surveillance|Confirmed cases - Men who have sex with men","Reported cases","N","2010","IE","Ireland",0.000000000,""
"Gonorrhoea","Disease surveillance|Confirmed cases - Men who have sex with men","Reported cases","N","2010","IS","Iceland",0.000000000,""
"Gonorrhoea","Disease surveillance|Confirmed cases - Men who have sex with men","Reported cases","N","2010","IT","Italy",0.000000000,""
"Gonorrhoea","Disease surveillance|Confirmed cases - Men who have sex with men","Reported cases","N","2010","LT","Lithuania",7.000000000,""
"Gonorrhoea","Disease surveillance|Confirmed cases - Men who have sex with men","Reported cases","N","2010","LU","Luxembourg",0.000000000,""
"Gonorrhoea","Disease surveillance|Confirmed cases - Men who have sex with men","Reported cases","N","2010","LV","Latvia",2.000000000,""
"Gonorrhoea","Disease surveillance|Confirmed cases - Men who have sex with men","Reported cases","N","2010","MT","Malta",14.000000000,""
"Gonorrhoea","Disease surveillance|Confirmed cases - Men who have sex with men","Reported cases","N","2010","NL","Netherlands",1612.000000000,""
"Gonorrhoea","Disease surveillance|Confirmed cases - Men who have sex with men","Reported cases","N","2010","NO","Norway",215.000000000,""
"Gonorrhoea","Disease surveillance|Confirmed cases - Men who have sex with men","Reported cases","N","2010","PT","Portugal",0.000000000,""
"Gonorrhoea","Disease surveillance|Confirmed cases - Men who have sex with men","Reported cases","N","2010","RO","Romania",0.000000000,""
"Gonorrhoea","Disease surveillance|Confirmed cases - Men who have sex with men","Reported cases","N","2010","SE","Sweden",280.000000000,""
"Gonorrhoea","Disease surveillance|Confirmed cases - Men who have sex with men","Reported cases","N","2010","SI","Slovenia",17.000000000,""
"Gonorrhoea","Disease surveillance|Confirmed cases - Men who have sex with men","Reported cases","N","2010","SK","Slovakia",0.000000000,""
"Gonorrhoea","Disease surveillance|Confirmed cases - Men who have sex with men","Reported cases","N","2010","UK","United Kingdom",0.000000000,""
"Gonorrhoea","Disease surveillance|Confirmed cases - Men who have sex with men","Reported cases","N","2011","AT","Austria",20.000000000,""
"Gonorrhoea","Disease surveillance|Confirmed cases - Men who have sex with men","Reported cases","N","2011","BE","Belgium",0.000000000,""
"Gonorrhoea","Disease surveillance|Confirmed cases - Men who have sex with men","Reported cases","N","2011","BG","Bulgaria",0.000000000,""
"Gonorrhoea","Disease surveillance|Confirmed cases - Men who have sex with men","Reported cases","N","2011","CY","Cyprus",0.000000000,""
"Gonorrhoea","Disease surveillance|Confirmed cases - Men who have sex with men","Reported cases","N","2011","CZ","Czechia",151.000000000,""
"Gonorrhoea","Disease surveillance|Confirmed cases - Men who have sex with men","Reported cases","N","2011","DK","Denmark",187.000000000,""
"Gonorrhoea","Disease surveillance|Confirmed cases - Men who have sex with men","Reported cases","N","2011","EE","Estonia",0.000000000,""
"Gonorrhoea","Disease surveillance|Confirmed cases - Men who have sex with men","Reported cases","N","2011","EL","Greece",0.000000000,""
"Gonorrhoea","Disease surveillance|Confirmed cases - Men who have sex with men","Reported cases","N","2011","ES","Spain",0.000000000,""
"Gonorrhoea","Disease surveillance|Confirmed cases - Men who have sex with men","Reported cases","N","2011","EU27_21","EU (without UK)",2991.000000000,""
"Gonorrhoea","Disease surveillance|Confirmed cases - Men who have sex with men","Reported cases","N","2011","EU27_UK_21","EU (with UK until 2019)",2991.000000000,""
"Gonorrhoea","Disease surveillance|Confirmed cases - Men who have sex with men","Reported cases","N","2011","EUEEA30_21","EU/EEA (without UK)",3167.000000000,""
"Gonorrhoea","Disease surveillance|Confirmed cases - Men who have sex with men","Reported cases","N","2011","EUEEAUK_21","EU/EEA (with UK until 2019)",3167.000000000,""
"Gonorrhoea","Disease surveillance|Confirmed cases - Men who have sex with men","Reported cases","N","2011","FI","Finland",61.000000000,""
"Gonorrhoea","Disease surveillance|Confirmed cases - Men who have sex with men","Reported cases","N","2011","FR","France",308.000000000,""
"Gonorrhoea","Disease surveillance|Confirmed cases - Men who have sex with men","Reported cases","N","2011","HU","Hungary",0.000000000,""
"Gonorrhoea","Disease surveillance|Confirmed cases - Men who have sex with men","Reported cases","N","2011","IE","Ireland",0.000000000,""
"Gonorrhoea","Disease surveillance|Confirmed cases - Men who have sex with men","Reported cases","N","2011","IS","Iceland",0.000000000,""
"Gonorrhoea","Disease surveillance|Confirmed cases - Men who have sex with men","Reported cases","N","2011","IT","Italy",0.000000000,""
"Gonorrhoea","Disease surveillance|Confirmed cases - Men who have sex with men","Reported cases","N","2011","LT","Lithuania",3.000000000,""
"Gonorrhoea","Disease surveillance|Confirmed cases - Men who have sex with men","Reported cases","N","2011","LU","Luxembourg",1.000000000,""
"Gonorrhoea","Disease surveillance|Confirmed cases - Men who have sex with men","Reported cases","N","2011","LV","Latvia",10.000000000,""
"Gonorrhoea","Disease surveillance|Confirmed cases - Men who have sex with men","Reported cases","N","2011","MT","Malta",17.000000000,""
"Gonorrhoea","Disease surveillance|Confirmed cases - Men who have sex with men","Reported cases","N","2011","NL","Netherlands",1955.000000000,""
"Gonorrhoea","Disease surveillance|Confirmed cases - Men who have sex with men","Reported cases","N","2011","NO","Norway",176.000000000,""
"Gonorrhoea","Disease surveillance|Confirmed cases - Men who have sex with men","Reported cases","N","2011","PT","Portugal",3.000000000,""
"Gonorrhoea","Disease surveillance|Confirmed cases - Men who have sex with men","Reported cases","N","2011","RO","Romania",2.000000000,""
"Gonorrhoea","Disease surveillance|Confirmed cases - Men who have sex with men","Reported cases","N","2011","SE","Sweden",265.000000000,""
"Gonorrhoea","Disease surveillance|Confirmed cases - Men who have sex with men","Reported cases","N","2011","SI","Slovenia",8.000000000,""
"Gonorrhoea","Disease surveillance|Confirmed cases - Men who have sex with men","Reported cases","N","2011","SK","Slovakia",0.000000000,""
"Gonorrhoea","Disease surveillance|Confirmed cases - Men who have sex with men","Reported cases","N","2011","UK","United Kingdom",0.000000000,""
"Gonorrhoea","Disease surveillance|Confirmed cases - Men who have sex with men","Reported cases","N","2012","AT","Austria",3.000000000,""
"Gonorrhoea","Disease surveillance|Confirmed cases - Men who have sex with men","Reported cases","N","2012","BE","Belgium",0.000000000,""
"Gonorrhoea","Disease surveillance|Confirmed cases - Men who have sex with men","Reported cases","N","2012","BG","Bulgaria",0.000000000,""
"Gonorrhoea","Disease surveillance|Confirmed cases - Men who have sex with men","Reported cases","N","2012","CY","Cyprus",1.000000000,""
"Gonorrhoea","Disease surveillance|Confirmed cases - Men who have sex with men","Reported cases","N","2012","CZ","Czechia",293.000000000,""
"Gonorrhoea","Disease surveillance|Confirmed cases - Men who have sex with men","Reported cases","N","2012","DK","Denmark",199.000000000,""
"Gonorrhoea","Disease surveillance|Confirmed cases - Men who have sex with men","Reported cases","N","2012","EE","Estonia",0.000000000,""
"Gonorrhoea","Disease surveillance|Confirmed cases - Men who have sex with men","Reported cases","N","2012","EL","Greece",0.000000000,""
"Gonorrhoea","Disease surveillance|Confirmed cases - Men who have sex with men","Reported cases","N","2012","ES","Spain",0.000000000,""
"Gonorrhoea","Disease surveillance|Confirmed cases - Men who have sex with men","Reported cases","N","2012","EU27_21","EU (without UK)",3731.000000000,""
"Gonorrhoea","Disease surveillance|Confirmed cases - Men who have sex with men","Reported cases","N","2012","EU27_UK_21","EU (with UK until 2019)",3731.000000000,""
"Gonorrhoea","Disease surveillance|Confirmed cases - Men who have sex with men","Reported cases","N","2012","EUEEA30_21","EU/EEA (without UK)",3970.000000000,""
"Gonorrhoea","Disease surveillance|Confirmed cases - Men who have sex with men","Reported cases","N","2012","EUEEAUK_21","EU/EEA (with UK until 2019)",3970.000000000,""
"Gonorrhoea","Disease surveillance|Confirmed cases - Men who have sex with men","Reported cases","N","2012","FI","Finland",70.000000000,""
"Gonorrhoea","Disease surveillance|Confirmed cases - Men who have sex with men","Reported cases","N","2012","FR","France",458.000000000,""
"Gonorrhoea","Disease surveillance|Confirmed cases - Men who have sex with men","Reported cases","N","2012","HR","Croatia",0.000000000,""
"Gonorrhoea","Disease surveillance|Confirmed cases - Men who have sex with men","Reported cases","N","2012","HU","Hungary",0.000000000,""
"Gonorrhoea","Disease surveillance|Confirmed cases - Men who have sex with men","Reported cases","N","2012","IE","Ireland",12.000000000,""
"Gonorrhoea","Disease surveillance|Confirmed cases - Men who have sex with men","Reported cases","N","2012","IS","Iceland",0.000000000,""
"Gonorrhoea","Disease surveillance|Confirmed cases - Men who have sex with men","Reported cases","N","2012","IT","Italy",0.000000000,""
"Gonorrhoea","Disease surveillance|Confirmed cases - Men who have sex with men","Reported cases","N","2012","LT","Lithuania",1.000000000,""
"Gonorrhoea","Disease surveillance|Confirmed cases - Men who have sex with men","Reported cases","N","2012","LU","Luxembourg",1.000000000,""
"Gonorrhoea","Disease surveillance|Confirmed cases - Men who have sex with men","Reported cases","N","2012","LV","Latvia",7.000000000,""
"Gonorrhoea","Disease surveillance|Confirmed cases - Men who have sex with men","Reported cases","N","2012","MT","Malta",10.000000000,""
"Gonorrhoea","Disease surveillance|Confirmed cases - Men who have sex with men","Reported cases","N","2012","NL","Netherlands",2291.000000000,""
"Gonorrhoea","Disease surveillance|Confirmed cases - Men who have sex with men","Reported cases","N","2012","NO","Norway",239.000000000,""
"Gonorrhoea","Disease surveillance|Confirmed cases - Men who have sex with men","Reported cases","N","2012","PT","Portugal",3.000000000,""
"Gonorrhoea","Disease surveillance|Confirmed cases - Men who have sex with men","Reported cases","N","2012","RO","Romania",0.000000000,""
"Gonorrhoea","Disease surveillance|Confirmed cases - Men who have sex with men","Reported cases","N","2012","SE","Sweden",359.000000000,""
"Gonorrhoea","Disease surveillance|Confirmed cases - Men who have sex with men","Reported cases","N","2012","SI","Slovenia",21.000000000,""
"Gonorrhoea","Disease surveillance|Confirmed cases - Men who have sex with men","Reported cases","N","2012","SK","Slovakia",2.000000000,""
"Gonorrhoea","Disease surveillance|Confirmed cases - Men who have sex with men","Reported cases","N","2012","UK","United Kingdom",0.000000000,""
"Gonorrhoea","Disease surveillance|Confirmed cases - Men who have sex with men","Reported cases","N","2013","AT","Austria",0.000000000,""
"Gonorrhoea","Disease surveillance|Confirmed cases - Men who have sex with men","Reported cases","N","2013","BE","Belgium",0.000000000,""
"Gonorrhoea","Disease surveillance|Confirmed cases - Men who have sex with men","Reported cases","N","2013","BG","Bulgaria",0.000000000,""
"Gonorrhoea","Disease surveillance|Confirmed cases - Men who have sex with men","Reported cases","N","2013","CY","Cyprus",0.000000000,""
"Gonorrhoea","Disease surveillance|Confirmed cases - Men who have sex with men","Reported cases","N","2013","CZ","Czechia",301.000000000,""
"Gonorrhoea","Disease surveillance|Confirmed cases - Men who have sex with men","Reported cases","N","2013","DK","Denmark",304.000000000,""
"Gonorrhoea","Disease surveillance|Confirmed cases - Men who have sex with men","Reported cases","N","2013","EE","Estonia",5.000000000,""
"Gonorrhoea","Disease surveillance|Confirmed cases - Men who have sex with men","Reported cases","N","2013","EL","Greece",0.000000000,""
"Gonorrhoea","Disease surveillance|Confirmed cases - Men who have sex with men","Reported cases","N","2013","ES","Spain",0.000000000,""
"Gonorrhoea","Disease surveillance|Confirmed cases - Men who have sex with men","Reported cases","N","2013","EU27_21","EU (without UK)",4823.000000000,""
"Gonorrhoea","Disease surveillance|Confirmed cases - Men who have sex with men","Reported cases","N","2013","EU27_UK_21","EU (with UK until 2019)",4823.000000000,""
"Gonorrhoea","Disease surveillance|Confirmed cases - Men who have sex with men","Reported cases","N","2013","EUEEA30_21","EU/EEA (without UK)",5085.000000000,""
"Gonorrhoea","Disease surveillance|Confirmed cases - Men who have sex with men","Reported cases","N","2013","EUEEAUK_21","EU/EEA (with UK until 2019)",5085.000000000,""
"Gonorrhoea","Disease surveillance|Confirmed cases - Men who have sex with men","Reported cases","N","2013","FI","Finland",69.000000000,""
"Gonorrhoea","Disease surveillance|Confirmed cases - Men who have sex with men","Reported cases","N","2013","FR","France",724.000000000,""
"Gonorrhoea","Disease surveillance|Confirmed cases - Men who have sex with men","Reported cases","N","2013","HR","Croatia",0.000000000,""
"Gonorrhoea","Disease surveillance|Confirmed cases - Men who have sex with men","Reported cases","N","2013","HU","Hungary",0.000000000,""
"Gonorrhoea","Disease surveillance|Confirmed cases - Men who have sex with men","Reported cases","N","2013","IE","Ireland",410.000000000,""
"Gonorrhoea","Disease surveillance|Confirmed cases - Men who have sex with men","Reported cases","N","2013","IS","Iceland",0.000000000,""
"Gonorrhoea","Disease surveillance|Confirmed cases - Men who have sex with men","Reported cases","N","2013","IT","Italy",0.000000000,""
"Gonorrhoea","Disease surveillance|Confirmed cases - Men who have sex with men","Reported cases","N","2013","LT","Lithuania",0.000000000,""
"Gonorrhoea","Disease surveillance|Confirmed cases - Men who have sex with men","Reported cases","N","2013","LU","Luxembourg",0.000000000,""
"Gonorrhoea","Disease surveillance|Confirmed cases - Men who have sex with men","Reported cases","N","2013","LV","Latvia",6.000000000,""
"Gonorrhoea","Disease surveillance|Confirmed cases - Men who have sex with men","Reported cases","N","2013","MT","Malta",16.000000000,""
"Gonorrhoea","Disease surveillance|Confirmed cases - Men who have sex with men","Reported cases","N","2013","NL","Netherlands",2550.000000000,""
"Gonorrhoea","Disease surveillance|Confirmed cases - Men who have sex with men","Reported cases","N","2013","NO","Norway",262.000000000,""
"Gonorrhoea","Disease surveillance|Confirmed cases - Men who have sex with men","Reported cases","N","2013","PT","Portugal",7.000000000,""
"Gonorrhoea","Disease surveillance|Confirmed cases - Men who have sex with men","Reported cases","N","2013","RO","Romania",1.000000000,""
"Gonorrhoea","Disease surveillance|Confirmed cases - Men who have sex with men","Reported cases","N","2013","SE","Sweden",415.000000000,""
"Gonorrhoea","Disease surveillance|Confirmed cases - Men who have sex with men","Reported cases","N","2013","SI","Slovenia",13.000000000,""
"Gonorrhoea","Disease surveillance|Confirmed cases - Men who have sex with men","Reported cases","N","2013","SK","Slovakia",2.000000000,""
"Gonorrhoea","Disease surveillance|Confirmed cases - Men who have sex with men","Reported cases","N","2013","UK","United Kingdom",0.000000000,""
"Gonorrhoea","Disease surveillance|Confirmed cases - Men who have sex with men","Reported cases","N","2014","BE","Belgium",0.000000000,""
"Gonorrhoea","Disease surveillance|Confirmed cases - Men who have sex with men","Reported cases","N","2014","BG","Bulgaria",0.000000000,""
"Gonorrhoea","Disease surveillance|Confirmed cases - Men who have sex with men","Reported cases","N","2014","CY","Cyprus",0.000000000,""
"Gonorrhoea","Disease surveillance|Confirmed cases - Men who have sex with men","Reported cases","N","2014","CZ","Czechia",313.000000000,""
"Gonorrhoea","Disease surveillance|Confirmed cases - Men who have sex with men","Reported cases","N","2014","DK","Denmark",366.000000000,""
"Gonorrhoea","Disease surveillance|Confirmed cases - Men who have sex with men","Reported cases","N","2014","EE","Estonia",5.000000000,""
"Gonorrhoea","Disease surveillance|Confirmed cases - Men who have sex with men","Reported cases","N","2014","EL","Greece",0.000000000,""
"Gonorrhoea","Disease surveillance|Confirmed cases - Men who have sex with men","Reported cases","N","2014","ES","Spain",0.000000000,""
"Gonorrhoea","Disease surveillance|Confirmed cases - Men who have sex with men","Reported cases","N","2014","EU27_21","EU (without UK)",5559.000000000,""
"Gonorrhoea","Disease surveillance|Confirmed cases - Men who have sex with men","Reported cases","N","2014","EU27_UK_21","EU (with UK until 2019)",24696.000000000,""
"Gonorrhoea","Disease surveillance|Confirmed cases - Men who have sex with men","Reported cases","N","2014","EUEEA30_21","EU/EEA (without UK)",5906.000000000,""
"Gonorrhoea","Disease surveillance|Confirmed cases - Men who have sex with men","Reported cases","N","2014","EUEEAUK_21","EU/EEA (with UK until 2019)",25043.000000000,""
"Gonorrhoea","Disease surveillance|Confirmed cases - Men who have sex with men","Reported cases","N","2014","FI","Finland",81.000000000,""
"Gonorrhoea","Disease surveillance|Confirmed cases - Men who have sex with men","Reported cases","N","2014","FR","France",874.000000000,""
"Gonorrhoea","Disease surveillance|Confirmed cases - Men who have sex with men","Reported cases","N","2014","HR","Croatia",0.000000000,""
"Gonorrhoea","Disease surveillance|Confirmed cases - Men who have sex with men","Reported cases","N","2014","HU","Hungary",0.000000000,""
"Gonorrhoea","Disease surveillance|Confirmed cases - Men who have sex with men","Reported cases","N","2014","IE","Ireland",347.000000000,""
"Gonorrhoea","Disease surveillance|Confirmed cases - Men who have sex with men","Reported cases","N","2014","IS","Iceland",0.000000000,""
"Gonorrhoea","Disease surveillance|Confirmed cases - Men who have sex with men","Reported cases","N","2014","IT","Italy",0.000000000,""
"Gonorrhoea","Disease surveillance|Confirmed cases - Men who have sex with men","Reported cases","N","2014","LT","Lithuania",0.000000000,""
"Gonorrhoea","Disease surveillance|Confirmed cases - Men who have sex with men","Reported cases","N","2014","LU","Luxembourg",1.000000000,""
"Gonorrhoea","Disease surveillance|Confirmed cases - Men who have sex with men","Reported cases","N","2014","LV","Latvia",6.000000000,""
"Gonorrhoea","Disease surveillance|Confirmed cases - Men who have sex with men","Reported cases","N","2014","MT","Malta",31.000000000,""
"Gonorrhoea","Disease surveillance|Confirmed cases - Men who have sex with men","Reported cases","N","2014","NL","Netherlands",2832.000000000,""
"Gonorrhoea","Disease surveillance|Confirmed cases - Men who have sex with men","Reported cases","N","2014","NO","Norway",347.000000000,""
"Gonorrhoea","Disease surveillance|Confirmed cases - Men who have sex with men","Reported cases","N","2014","PT","Portugal",68.000000000,""
"Gonorrhoea","Disease surveillance|Confirmed cases - Men who have sex with men","Reported cases","N","2014","RO","Romania",0.000000000,""
"Gonorrhoea","Disease surveillance|Confirmed cases - Men who have sex with men","Reported cases","N","2014","SE","Sweden",601.000000000,""
"Gonorrhoea","Disease surveillance|Confirmed cases - Men who have sex with men","Reported cases","N","2014","SI","Slovenia",24.000000000,""
"Gonorrhoea","Disease surveillance|Confirmed cases - Men who have sex with men","Reported cases","N","2014","SK","Slovakia",10.000000000,""
"Gonorrhoea","Disease surveillance|Confirmed cases - Men who have sex with men","Reported cases","N","2014","UK","United Kingdom",19137.000000000,""
"Gonorrhoea","Disease surveillance|Confirmed cases - Men who have sex with men","Reported cases","N","2015","AL","Albania",0.000000000,""
"Gonorrhoea","Disease surveillance|Confirmed cases - Men who have sex with men","Reported cases","N","2015","BE","Belgium",0.000000000,""
"Gonorrhoea","Disease surveillance|Confirmed cases - Men who have sex with men","Reported cases","N","2015","BG","Bulgaria",0.000000000,""
"Gonorrhoea","Disease surveillance|Confirmed cases - Men who have sex with men","Reported cases","N","2015","CY","Cyprus",0.000000000,""
"Gonorrhoea","Disease surveillance|Confirmed cases - Men who have sex with men","Reported cases","N","2015","CZ","Czechia",327.000000000,""
"Gonorrhoea","Disease surveillance|Confirmed cases - Men who have sex with men","Reported cases","N","2015","DK","Denmark",398.000000000,""
"Gonorrhoea","Disease surveillance|Confirmed cases - Men who have sex with men","Reported cases","N","2015","EE","Estonia",5.000000000,""
"Gonorrhoea","Disease surveillance|Confirmed cases - Men who have sex with men","Reported cases","N","2015","EL","Greece",0.000000000,""
"Gonorrhoea","Disease surveillance|Confirmed cases - Men who have sex with men","Reported cases","N","2015","ES","Spain",0.000000000,""
"Gonorrhoea","Disease surveillance|Confirmed cases - Men who have sex with men","Reported cases","N","2015","EU27_21","EU (without UK)",7448.000000000,""
"Gonorrhoea","Disease surveillance|Confirmed cases - Men who have sex with men","Reported cases","N","2015","EU27_UK_21","EU (with UK until 2019)",30516.000000000,""
"Gonorrhoea","Disease surveillance|Confirmed cases - Men who have sex with men","Reported cases","N","2015","EUEEA30_21","EU/EEA (without UK)",7892.000000000,""
"Gonorrhoea","Disease surveillance|Confirmed cases - Men who have sex with men","Reported cases","N","2015","EUEEAUK_21","EU/EEA (with UK until 2019)",30960.000000000,""
"Gonorrhoea","Disease surveillance|Confirmed cases - Men who have sex with men","Reported cases","N","2015","FI","Finland",111.000000000,""
"Gonorrhoea","Disease surveillance|Confirmed cases - Men who have sex with men","Reported cases","N","2015","FR","France",1303.000000000,""
"Gonorrhoea","Disease surveillance|Confirmed cases - Men who have sex with men","Reported cases","N","2015","HR","Croatia",0.000000000,""
"Gonorrhoea","Disease surveillance|Confirmed cases - Men who have sex with men","Reported cases","N","2015","HU","Hungary",163.000000000,""
"Gonorrhoea","Disease surveillance|Confirmed cases - Men who have sex with men","Reported cases","N","2015","IE","Ireland",396.000000000,""
"Gonorrhoea","Disease surveillance|Confirmed cases - Men who have sex with men","Reported cases","N","2015","IS","Iceland",0.000000000,""
"Gonorrhoea","Disease surveillance|Confirmed cases - Men who have sex with men","Reported cases","N","2015","IT","Italy",0.000000000,""
"Gonorrhoea","Disease surveillance|Confirmed cases - Men who have sex with men","Reported cases","N","2015","LT","Lithuania",4.000000000,""
"Gonorrhoea","Disease surveillance|Confirmed cases - Men who have sex with men","Reported cases","N","2015","LU","Luxembourg",0.000000000,""
"Gonorrhoea","Disease surveillance|Confirmed cases - Men who have sex with men","Reported cases","N","2015","LV","Latvia",2.000000000,""
"Gonorrhoea","Disease surveillance|Confirmed cases - Men who have sex with men","Reported cases","N","2015","ME","Montenegro",0.000000000,""
"Gonorrhoea","Disease surveillance|Confirmed cases - Men who have sex with men","Reported cases","N","2015","MK","North Macedonia",0.000000000,""
"Gonorrhoea","Disease surveillance|Confirmed cases - Men who have sex with men","Reported cases","N","2015","MT","Malta",33.000000000,""
"Gonorrhoea","Disease surveillance|Confirmed cases - Men who have sex with men","Reported cases","N","2015","NL","Netherlands",3701.000000000,""
"Gonorrhoea","Disease surveillance|Confirmed cases - Men who have sex with men","Reported cases","N","2015","NO","Norway",444.000000000,""
"Gonorrhoea","Disease surveillance|Confirmed cases - Men who have sex with men","Reported cases","N","2015","PT","Portugal",113.000000000,""
"Gonorrhoea","Disease surveillance|Confirmed cases - Men who have sex with men","Reported cases","N","2015","RO","Romania",0.000000000,""
"Gonorrhoea","Disease surveillance|Confirmed cases - Men who have sex with men","Reported cases","N","2015","RS","Serbia",0.000000000,""
"Gonorrhoea","Disease surveillance|Confirmed cases - Men who have sex with men","Reported cases","N","2015","SE","Sweden",848.000000000,""
"Gonorrhoea","Disease surveillance|Confirmed cases - Men who have sex with men","Reported cases","N","2015","SI","Slovenia",38.000000000,""
"Gonorrhoea","Disease surveillance|Confirmed cases - Men who have sex with men","Reported cases","N","2015","SK","Slovakia",6.000000000,""
"Gonorrhoea","Disease surveillance|Confirmed cases - Men who have sex with men","Reported cases","N","2015","TR","Türkiye",0.000000000,""
"Gonorrhoea","Disease surveillance|Confirmed cases - Men who have sex with men","Reported cases","N","2015","UK","United Kingdom",23068.000000000,""
"Gonorrhoea","Disease surveillance|Confirmed cases - Men who have sex with men","Reported cases","N","2016","AL","Albania",0.000000000,""
"Gonorrhoea","Disease surveillance|Confirmed cases - Men who have sex with men","Reported cases","N","2016","BE","Belgium",0.000000000,""
"Gonorrhoea","Disease surveillance|Confirmed cases - Men who have sex with men","Reported cases","N","2016","BG","Bulgaria",0.000000000,""
"Gonorrhoea","Disease surveillance|Confirmed cases - Men who have sex with men","Reported cases","N","2016","CY","Cyprus",0.000000000,""
"Gonorrhoea","Disease surveillance|Confirmed cases - Men who have sex with men","Reported cases","N","2016","CZ","Czechia",362.000000000,""
"Gonorrhoea","Disease surveillance|Confirmed cases - Men who have sex with men","Reported cases","N","2016","DK","Denmark",456.000000000,""
"Gonorrhoea","Disease surveillance|Confirmed cases - Men who have sex with men","Reported cases","N","2016","EE","Estonia",2.000000000,""
"Gonorrhoea","Disease surveillance|Confirmed cases - Men who have sex with men","Reported cases","N","2016","EL","Greece",49.000000000,""
"Gonorrhoea","Disease surveillance|Confirmed cases - Men who have sex with men","Reported cases","N","2016","ES","Spain",0.000000000,""
"Gonorrhoea","Disease surveillance|Confirmed cases - Men who have sex with men","Reported cases","N","2016","EU27_21","EU (without UK)",9586.000000000,""
"Gonorrhoea","Disease surveillance|Confirmed cases - Men who have sex with men","Reported cases","N","2016","EU27_UK_21","EU (with UK until 2019)",27829.000000000,""
"Gonorrhoea","Disease surveillance|Confirmed cases - Men who have sex with men","Reported cases","N","2016","EUEEA30_21","EU/EEA (without UK)",10184.000000000,""
"Gonorrhoea","Disease surveillance|Confirmed cases - Men who have sex with men","Reported cases","N","2016","EUEEAUK_21","EU/EEA (with UK until 2019)",28427.000000000,""
"Gonorrhoea","Disease surveillance|Confirmed cases - Men who have sex with men","Reported cases","N","2016","FI","Finland",149.000000000,""
"Gonorrhoea","Disease surveillance|Confirmed cases - Men who have sex with men","Reported cases","N","2016","FR","France",1825.000000000,""
"Gonorrhoea","Disease surveillance|Confirmed cases - Men who have sex with men","Reported cases","N","2016","HR","Croatia",0.000000000,""
"Gonorrhoea","Disease surveillance|Confirmed cases - Men who have sex with men","Reported cases","N","2016","HU","Hungary",193.000000000,""
"Gonorrhoea","Disease surveillance|Confirmed cases - Men who have sex with men","Reported cases","N","2016","IE","Ireland",838.000000000,""
"Gonorrhoea","Disease surveillance|Confirmed cases - Men who have sex with men","Reported cases","N","2016","IS","Iceland",0.000000000,""
"Gonorrhoea","Disease surveillance|Confirmed cases - Men who have sex with men","Reported cases","N","2016","IT","Italy",0.000000000,""
"Gonorrhoea","Disease surveillance|Confirmed cases - Men who have sex with men","Reported cases","N","2016","LT","Lithuania",0.000000000,""
"Gonorrhoea","Disease surveillance|Confirmed cases - Men who have sex with men","Reported cases","N","2016","LU","Luxembourg",1.000000000,""
"Gonorrhoea","Disease surveillance|Confirmed cases - Men who have sex with men","Reported cases","N","2016","LV","Latvia",6.000000000,""
"Gonorrhoea","Disease surveillance|Confirmed cases - Men who have sex with men","Reported cases","N","2016","ME","Montenegro",0.000000000,""
"Gonorrhoea","Disease surveillance|Confirmed cases - Men who have sex with men","Reported cases","N","2016","MK","North Macedonia",0.000000000,""
"Gonorrhoea","Disease surveillance|Confirmed cases - Men who have sex with men","Reported cases","N","2016","MT","Malta",54.000000000,""
"Gonorrhoea","Disease surveillance|Confirmed cases - Men who have sex with men","Reported cases","N","2016","NL","Netherlands",4576.000000000,""
"Gonorrhoea","Disease surveillance|Confirmed cases - Men who have sex with men","Reported cases","N","2016","NO","Norway",598.000000000,""
"Gonorrhoea","Disease surveillance|Confirmed cases - Men who have sex with men","Reported cases","N","2016","PT","Portugal",135.000000000,""
"Gonorrhoea","Disease surveillance|Confirmed cases - Men who have sex with men","Reported cases","N","2016","RO","Romania",0.000000000,""
"Gonorrhoea","Disease surveillance|Confirmed cases - Men who have sex with men","Reported cases","N","2016","RS","Serbia",0.000000000,""
"Gonorrhoea","Disease surveillance|Confirmed cases - Men who have sex with men","Reported cases","N","2016","SE","Sweden",898.000000000,""
"Gonorrhoea","Disease surveillance|Confirmed cases - Men who have sex with men","Reported cases","N","2016","SI","Slovenia",40.000000000,""
"Gonorrhoea","Disease surveillance|Confirmed cases - Men who have sex with men","Reported cases","N","2016","SK","Slovakia",2.000000000,""
"Gonorrhoea","Disease surveillance|Confirmed cases - Men who have sex with men","Reported cases","N","2016","TR","Türkiye",0.000000000,""
"Gonorrhoea","Disease surveillance|Confirmed cases - Men who have sex with men","Reported cases","N","2016","UK","United Kingdom",18243.000000000,""
"Gonorrhoea","Disease surveillance|Confirmed cases - Men who have sex with men","Reported cases","N","2016","XK","Kosovo",0.000000000,""
"Gonorrhoea","Disease surveillance|Confirmed cases - Men who have sex with men","Reported cases","N","2017","AL","Albania",0.000000000,""
"Gonorrhoea","Disease surveillance|Confirmed cases - Men who have sex with men","Reported cases","N","2017","BE","Belgium",0.000000000,""
"Gonorrhoea","Disease surveillance|Confirmed cases - Men who have sex with men","Reported cases","N","2017","BG","Bulgaria",0.000000000,""
"Gonorrhoea","Disease surveillance|Confirmed cases - Men who have sex with men","Reported cases","N","2017","CY","Cyprus",0.000000000,""
"Gonorrhoea","Disease surveillance|Confirmed cases - Men who have sex with men","Reported cases","N","2017","CZ","Czechia",433.000000000,""
"Gonorrhoea","Disease surveillance|Confirmed cases - Men who have sex with men","Reported cases","N","2017","DK","Denmark",535.000000000,""
"Gonorrhoea","Disease surveillance|Confirmed cases - Men who have sex with men","Reported cases","N","2017","EE","Estonia",4.000000000,""
"Gonorrhoea","Disease surveillance|Confirmed cases - Men who have sex with men","Reported cases","N","2017","EL","Greece",45.000000000,""
"Gonorrhoea","Disease surveillance|Confirmed cases - Men who have sex with men","Reported cases","N","2017","ES","Spain",0.000000000,""
"Gonorrhoea","Disease surveillance|Confirmed cases - Men who have sex with men","Reported cases","N","2017","EU27_21","EU (without UK)",11392.000000000,""
"Gonorrhoea","Disease surveillance|Confirmed cases - Men who have sex with men","Reported cases","N","2017","EU27_UK_21","EU (with UK until 2019)",33479.000000000,""
"Gonorrhoea","Disease surveillance|Confirmed cases - Men who have sex with men","Reported cases","N","2017","EUEEA30_21","EU/EEA (without UK)",12325.000000000,""
"Gonorrhoea","Disease surveillance|Confirmed cases - Men who have sex with men","Reported cases","N","2017","EUEEAUK_21","EU/EEA (with UK until 2019)",34412.000000000,""
"Gonorrhoea","Disease surveillance|Confirmed cases - Men who have sex with men","Reported cases","N","2017","FI","Finland",225.000000000,""
"Gonorrhoea","Disease surveillance|Confirmed cases - Men who have sex with men","Reported cases","N","2017","FR","France",2332.000000000,""
"Gonorrhoea","Disease surveillance|Confirmed cases - Men who have sex with men","Reported cases","N","2017","HR","Croatia",0.000000000,""
"Gonorrhoea","Disease surveillance|Confirmed cases - Men who have sex with men","Reported cases","N","2017","HU","Hungary",124.000000000,""
"Gonorrhoea","Disease surveillance|Confirmed cases - Men who have sex with men","Reported cases","N","2017","IE","Ireland",911.000000000,""
"Gonorrhoea","Disease surveillance|Confirmed cases - Men who have sex with men","Reported cases","N","2017","IS","Iceland",28.000000000,""
"Gonorrhoea","Disease surveillance|Confirmed cases - Men who have sex with men","Reported cases","N","2017","IT","Italy",0.000000000,""
"Gonorrhoea","Disease surveillance|Confirmed cases - Men who have sex with men","Reported cases","N","2017","LT","Lithuania",1.000000000,""
"Gonorrhoea","Disease surveillance|Confirmed cases - Men who have sex with men","Reported cases","N","2017","LU","Luxembourg",0.000000000,""
"Gonorrhoea","Disease surveillance|Confirmed cases - Men who have sex with men","Reported cases","N","2017","LV","Latvia",5.000000000,""
"Gonorrhoea","Disease surveillance|Confirmed cases - Men who have sex with men","Reported cases","N","2017","ME","Montenegro",0.000000000,""
"Gonorrhoea","Disease surveillance|Confirmed cases - Men who have sex with men","Reported cases","N","2017","MK","North Macedonia",0.000000000,""
"Gonorrhoea","Disease surveillance|Confirmed cases - Men who have sex with men","Reported cases","N","2017","MT","Malta",70.000000000,""
"Gonorrhoea","Disease surveillance|Confirmed cases - Men who have sex with men","Reported cases","N","2017","NL","Netherlands",5008.000000000,""
"Gonorrhoea","Disease surveillance|Confirmed cases - Men who have sex with men","Reported cases","N","2017","NO","Norway",905.000000000,""
"Gonorrhoea","Disease surveillance|Confirmed cases - Men who have sex with men","Reported cases","N","2017","PL","Poland",27.000000000,""
"Gonorrhoea","Disease surveillance|Confirmed cases - Men who have sex with men","Reported cases","N","2017","PT","Portugal",253.000000000,""
"Gonorrhoea","Disease surveillance|Confirmed cases - Men who have sex with men","Reported cases","N","2017","RO","Romania",2.000000000,""
"Gonorrhoea","Disease surveillance|Confirmed cases - Men who have sex with men","Reported cases","N","2017","RS","Serbia",0.000000000,""
"Gonorrhoea","Disease surveillance|Confirmed cases - Men who have sex with men","Reported cases","N","2017","SE","Sweden",1358.000000000,""
"Gonorrhoea","Disease surveillance|Confirmed cases - Men who have sex with men","Reported cases","N","2017","SI","Slovenia",42.000000000,""
"Gonorrhoea","Disease surveillance|Confirmed cases - Men who have sex with men","Reported cases","N","2017","SK","Slovakia",17.000000000,""
"Gonorrhoea","Disease surveillance|Confirmed cases - Men who have sex with men","Reported cases","N","2017","TR","Türkiye",0.000000000,""
"Gonorrhoea","Disease surveillance|Confirmed cases - Men who have sex with men","Reported cases","N","2017","UK","United Kingdom",22087.000000000,""
"Gonorrhoea","Disease surveillance|Confirmed cases - Men who have sex with men","Reported cases","N","2017","XK","Kosovo",0.000000000,""
"Gonorrhoea","Disease surveillance|Confirmed cases - Men who have sex with men","Reported cases","N","2018","AL","Albania",0.000000000,""
"Gonorrhoea","Disease surveillance|Confirmed cases - Men who have sex with men","Reported cases","N","2018","BE","Belgium",0.000000000,""
"Gonorrhoea","Disease surveillance|Confirmed cases - Men who have sex with men","Reported cases","N","2018","BG","Bulgaria",0.000000000,""
"Gonorrhoea","Disease surveillance|Confirmed cases - Men who have sex with men","Reported cases","N","2018","CY","Cyprus",0.000000000,""
"Gonorrhoea","Disease surveillance|Confirmed cases - Men who have sex with men","Reported cases","N","2018","CZ","Czechia",444.000000000,""
"Gonorrhoea","Disease surveillance|Confirmed cases - Men who have sex with men","Reported cases","N","2018","DK","Denmark",594.000000000,""
"Gonorrhoea","Disease surveillance|Confirmed cases - Men who have sex with men","Reported cases","N","2018","EE","Estonia",4.000000000,""
"Gonorrhoea","Disease surveillance|Confirmed cases - Men who have sex with men","Reported cases","N","2018","EL","Greece",67.000000000,""
"Gonorrhoea","Disease surveillance|Confirmed cases - Men who have sex with men","Reported cases","N","2018","ES","Spain",92.000000000,""
"Gonorrhoea","Disease surveillance|Confirmed cases - Men who have sex with men","Reported cases","N","2018","EU27_21","EU (without UK)",12372.000000000,""
"Gonorrhoea","Disease surveillance|Confirmed cases - Men who have sex with men","Reported cases","N","2018","EU27_UK_21","EU (with UK until 2019)",40062.000000000,""
"Gonorrhoea","Disease surveillance|Confirmed cases - Men who have sex with men","Reported cases","N","2018","EUEEA30_21","EU/EEA (without UK)",13450.000000000,""
"Gonorrhoea","Disease surveillance|Confirmed cases - Men who have sex with men","Reported cases","N","2018","EUEEAUK_21","EU/EEA (with UK until 2019)",41140.000000000,""
"Gonorrhoea","Disease surveillance|Confirmed cases - Men who have sex with men","Reported cases","N","2018","FI","Finland",205.000000000,""
"Gonorrhoea","Disease surveillance|Confirmed cases - Men who have sex with men","Reported cases","N","2018","FR","France",2854.000000000,""
"Gonorrhoea","Disease surveillance|Confirmed cases - Men who have sex with men","Reported cases","N","2018","HR","Croatia",0.000000000,""
"Gonorrhoea","Disease surveillance|Confirmed cases - Men who have sex with men","Reported cases","N","2018","HU","Hungary",200.000000000,""
"Gonorrhoea","Disease surveillance|Confirmed cases - Men who have sex with men","Reported cases","N","2018","IE","Ireland",1030.000000000,""
"Gonorrhoea","Disease surveillance|Confirmed cases - Men who have sex with men","Reported cases","N","2018","IS","Iceland",61.000000000,""
"Gonorrhoea","Disease surveillance|Confirmed cases - Men who have sex with men","Reported cases","N","2018","IT","Italy",0.000000000,""
"Gonorrhoea","Disease surveillance|Confirmed cases - Men who have sex with men","Reported cases","N","2018","LT","Lithuania",2.000000000,""
"Gonorrhoea","Disease surveillance|Confirmed cases - Men who have sex with men","Reported cases","N","2018","LU","Luxembourg",2.000000000,""
"Gonorrhoea","Disease surveillance|Confirmed cases - Men who have sex with men","Reported cases","N","2018","LV","Latvia",13.000000000,""
"Gonorrhoea","Disease surveillance|Confirmed cases - Men who have sex with men","Reported cases","N","2018","ME","Montenegro",0.000000000,""
"Gonorrhoea","Disease surveillance|Confirmed cases - Men who have sex with men","Reported cases","N","2018","MK","North Macedonia",0.000000000,""
"Gonorrhoea","Disease surveillance|Confirmed cases - Men who have sex with men","Reported cases","N","2018","NL","Netherlands",4846.000000000,""
"Gonorrhoea","Disease surveillance|Confirmed cases - Men who have sex with men","Reported cases","N","2018","NO","Norway",1017.000000000,""
"Gonorrhoea","Disease surveillance|Confirmed cases - Men who have sex with men","Reported cases","N","2018","PL","Poland",28.000000000,""
"Gonorrhoea","Disease surveillance|Confirmed cases - Men who have sex with men","Reported cases","N","2018","PT","Portugal",560.000000000,""
"Gonorrhoea","Disease surveillance|Confirmed cases - Men who have sex with men","Reported cases","N","2018","RO","Romania",0.000000000,""
"Gonorrhoea","Disease surveillance|Confirmed cases - Men who have sex with men","Reported cases","N","2018","RS","Serbia",0.000000000,""
"Gonorrhoea","Disease surveillance|Confirmed cases - Men who have sex with men","Reported cases","N","2018","SE","Sweden",1344.000000000,""
"Gonorrhoea","Disease surveillance|Confirmed cases - Men who have sex with men","Reported cases","N","2018","SI","Slovenia",77.000000000,""
"Gonorrhoea","Disease surveillance|Confirmed cases - Men who have sex with men","Reported cases","N","2018","SK","Slovakia",10.000000000,""
"Gonorrhoea","Disease surveillance|Confirmed cases - Men who have sex with men","Reported cases","N","2018","TR","Türkiye",0.000000000,""
"Gonorrhoea","Disease surveillance|Confirmed cases - Men who have sex with men","Reported cases","N","2018","UK","United Kingdom",27690.000000000,""
"Gonorrhoea","Disease surveillance|Confirmed cases - Men who have sex with men","Reported cases","N","2018","XK","Kosovo",0.000000000,""
"Gonorrhoea","Disease surveillance|Confirmed cases - Men who have sex with men","Reported cases","N","2019","AL","Albania",0.000000000,""
"Gonorrhoea","Disease surveillance|Confirmed cases - Men who have sex with men","Reported cases","N","2019","BE","Belgium",0.000000000,""
"Gonorrhoea","Disease surveillance|Confirmed cases - Men who have sex with men","Reported cases","N","2019","BG","Bulgaria",0.000000000,""
"Gonorrhoea","Disease surveillance|Confirmed cases - Men who have sex with men","Reported cases","N","2019","CY","Cyprus",0.000000000,""
"Gonorrhoea","Disease surveillance|Confirmed cases - Men who have sex with men","Reported cases","N","2019","CZ","Czechia",567.000000000,""
"Gonorrhoea","Disease surveillance|Confirmed cases - Men who have sex with men","Reported cases","N","2019","DK","Denmark",778.000000000,""
"Gonorrhoea","Disease surveillance|Confirmed cases - Men who have sex with men","Reported cases","N","2019","EE","Estonia",5.000000000,""
"Gonorrhoea","Disease surveillance|Confirmed cases - Men who have sex with men","Reported cases","N","2019","EL","Greece",86.000000000,""
"Gonorrhoea","Disease surveillance|Confirmed cases - Men who have sex with men","Reported cases","N","2019","ES","Spain",0.000000000,""
"Gonorrhoea","Disease surveillance|Confirmed cases - Men who have sex with men","Reported cases","N","2019","EU27_21","EU (without UK)",13242.000000000,""
"Gonorrhoea","Disease surveillance|Confirmed cases - Men who have sex with men","Reported cases","N","2019","EU27_UK_21","EU (with UK until 2019)",48297.000000000,""
"Gonorrhoea","Disease surveillance|Confirmed cases - Men who have sex with men","Reported cases","N","2019","EUEEA30_21","EU/EEA (without UK)",14279.000000000,""
"Gonorrhoea","Disease surveillance|Confirmed cases - Men who have sex with men","Reported cases","N","2019","EUEEAUK_21","EU/EEA (with UK until 2019)",49334.000000000,""
"Gonorrhoea","Disease surveillance|Confirmed cases - Men who have sex with men","Reported cases","N","2019","FI","Finland",267.000000000,""
"Gonorrhoea","Disease surveillance|Confirmed cases - Men who have sex with men","Reported cases","N","2019","FR","France",2639.000000000,""
"Gonorrhoea","Disease surveillance|Confirmed cases - Men who have sex with men","Reported cases","N","2019","HR","Croatia",0.000000000,""
"Gonorrhoea","Disease surveillance|Confirmed cases - Men who have sex with men","Reported cases","N","2019","HU","Hungary",211.000000000,""
"Gonorrhoea","Disease surveillance|Confirmed cases - Men who have sex with men","Reported cases","N","2019","IE","Ireland",963.000000000,""
"Gonorrhoea","Disease surveillance|Confirmed cases - Men who have sex with men","Reported cases","N","2019","IS","Iceland",66.000000000,""
"Gonorrhoea","Disease surveillance|Confirmed cases - Men who have sex with men","Reported cases","N","2019","IT","Italy",0.000000000,""
"Gonorrhoea","Disease surveillance|Confirmed cases - Men who have sex with men","Reported cases","N","2019","LT","Lithuania",2.000000000,""
"Gonorrhoea","Disease surveillance|Confirmed cases - Men who have sex with men","Reported cases","N","2019","LU","Luxembourg",0.000000000,""
"Gonorrhoea","Disease surveillance|Confirmed cases - Men who have sex with men","Reported cases","N","2019","LV","Latvia",10.000000000,""
"Gonorrhoea","Disease surveillance|Confirmed cases - Men who have sex with men","Reported cases","N","2019","ME","Montenegro",0.000000000,""
"Gonorrhoea","Disease surveillance|Confirmed cases - Men who have sex with men","Reported cases","N","2019","MK","North Macedonia",1.000000000,""
"Gonorrhoea","Disease surveillance|Confirmed cases - Men who have sex with men","Reported cases","N","2019","MT","Malta",0.000000000,""
"Gonorrhoea","Disease surveillance|Confirmed cases - Men who have sex with men","Reported cases","N","2019","NL","Netherlands",5332.000000000,""
"Gonorrhoea","Disease surveillance|Confirmed cases - Men who have sex with men","Reported cases","N","2019","NO","Norway",971.000000000,""
"Gonorrhoea","Disease surveillance|Confirmed cases - Men who have sex with men","Reported cases","N","2019","PL","Poland",62.000000000,""
"Gonorrhoea","Disease surveillance|Confirmed cases - Men who have sex with men","Reported cases","N","2019","PT","Portugal",711.000000000,""
"Gonorrhoea","Disease surveillance|Confirmed cases - Men who have sex with men","Reported cases","N","2019","RO","Romania",0.000000000,""
"Gonorrhoea","Disease surveillance|Confirmed cases - Men who have sex with men","Reported cases","N","2019","RS","Serbia",0.000000000,""
"Gonorrhoea","Disease surveillance|Confirmed cases - Men who have sex with men","Reported cases","N","2019","SE","Sweden",1510.000000000,""
"Gonorrhoea","Disease surveillance|Confirmed cases - Men who have sex with men","Reported cases","N","2019","SI","Slovenia",89.000000000,""
"Gonorrhoea","Disease surveillance|Confirmed cases - Men who have sex with men","Reported cases","N","2019","SK","Slovakia",10.000000000,""
"Gonorrhoea","Disease surveillance|Confirmed cases - Men who have sex with men","Reported cases","N","2019","UK","United Kingdom",35055.000000000,""
"Gonorrhoea","Disease surveillance|Confirmed cases - Men who have sex with men","Reported cases","N","2019","XK","Kosovo",0.000000000,""
"Gonorrhoea","Disease surveillance|Confirmed cases - Men who have sex with men","Reported cases","N","2020","AL","Albania",0.000000000,""
"Gonorrhoea","Disease surveillance|Confirmed cases - Men who have sex with men","Reported cases","N","2020","BE","Belgium",0.000000000,""
"Gonorrhoea","Disease surveillance|Confirmed cases - Men who have sex with men","Reported cases","N","2020","BG","Bulgaria",0.000000000,""
"Gonorrhoea","Disease surveillance|Confirmed cases - Men who have sex with men","Reported cases","N","2020","CY","Cyprus",0.000000000,""
"Gonorrhoea","Disease surveillance|Confirmed cases - Men who have sex with men","Reported cases","N","2020","CZ","Czechia",511.000000000,""
"Gonorrhoea","Disease surveillance|Confirmed cases - Men who have sex with men","Reported cases","N","2020","DK","Denmark",1047.000000000,""
"Gonorrhoea","Disease surveillance|Confirmed cases - Men who have sex with men","Reported cases","N","2020","EE","Estonia",4.000000000,""
"Gonorrhoea","Disease surveillance|Confirmed cases - Men who have sex with men","Reported cases","N","2020","EL","Greece",75.000000000,""
"Gonorrhoea","Disease surveillance|Confirmed cases - Men who have sex with men","Reported cases","N","2020","ES","Spain",1419.000000000,""
"Gonorrhoea","Disease surveillance|Confirmed cases - Men who have sex with men","Reported cases","N","2020","EU27_21","EU (without UK)",13926.000000000,""
"Gonorrhoea","Disease surveillance|Confirmed cases - Men who have sex with men","Reported cases","N","2020","EU27_UK_21","EU (with UK until 2019)",13926.000000000,""
"Gonorrhoea","Disease surveillance|Confirmed cases - Men who have sex with men","Reported cases","N","2020","EUEEA30_21","EU/EEA (without UK)",14569.000000000,""
"Gonorrhoea","Disease surveillance|Confirmed cases - Men who have sex with men","Reported cases","N","2020","EUEEAUK_21","EU/EEA (with UK until 2019)",14569.000000000,""
"Gonorrhoea","Disease surveillance|Confirmed cases - Men who have sex with men","Reported cases","N","2020","FI","Finland",223.000000000,""
"Gonorrhoea","Disease surveillance|Confirmed cases - Men who have sex with men","Reported cases","N","2020","FR","France",2377.000000000,""
"Gonorrhoea","Disease surveillance|Confirmed cases - Men who have sex with men","Reported cases","N","2020","HR","Croatia",0.000000000,""
"Gonorrhoea","Disease surveillance|Confirmed cases - Men who have sex with men","Reported cases","N","2020","HU","Hungary",286.000000000,""
"Gonorrhoea","Disease surveillance|Confirmed cases - Men who have sex with men","Reported cases","N","2020","IE","Ireland",276.000000000,""
"Gonorrhoea","Disease surveillance|Confirmed cases - Men who have sex with men","Reported cases","N","2020","IS","Iceland",35.000000000,""
"Gonorrhoea","Disease surveillance|Confirmed cases - Men who have sex with men","Reported cases","N","2020","IT","Italy",0.000000000,""
"Gonorrhoea","Disease surveillance|Confirmed cases - Men who have sex with men","Reported cases","N","2020","LI","Liechtenstein",4.000000000,""
"Gonorrhoea","Disease surveillance|Confirmed cases - Men who have sex with men","Reported cases","N","2020","LT","Lithuania",0.000000000,""
"Gonorrhoea","Disease surveillance|Confirmed cases - Men who have sex with men","Reported cases","N","2020","LU","Luxembourg",0.000000000,""
"Gonorrhoea","Disease surveillance|Confirmed cases - Men who have sex with men","Reported cases","N","2020","LV","Latvia",6.000000000,""
"Gonorrhoea","Disease surveillance|Confirmed cases - Men who have sex with men","Reported cases","N","2020","ME","Montenegro",0.000000000,""
"Gonorrhoea","Disease surveillance|Confirmed cases - Men who have sex with men","Reported cases","N","2020","MK","North Macedonia",0.000000000,""
"Gonorrhoea","Disease surveillance|Confirmed cases - Men who have sex with men","Reported cases","N","2020","MT","Malta",0.000000000,""
"Gonorrhoea","Disease surveillance|Confirmed cases - Men who have sex with men","Reported cases","N","2020","NL","Netherlands",5413.000000000,""
"Gonorrhoea","Disease surveillance|Confirmed cases - Men who have sex with men","Reported cases","N","2020","NO","Norway",604.000000000,""
"Gonorrhoea","Disease surveillance|Confirmed cases - Men who have sex with men","Reported cases","N","2020","PT","Portugal",687.000000000,""
"Gonorrhoea","Disease surveillance|Confirmed cases - Men who have sex with men","Reported cases","N","2020","RO","Romania",0.000000000,""
"Gonorrhoea","Disease surveillance|Confirmed cases - Men who have sex with men","Reported cases","N","2020","RS","Serbia",0.000000000,""
"Gonorrhoea","Disease surveillance|Confirmed cases - Men who have sex with men","Reported cases","N","2020","SE","Sweden",1490.000000000,""
"Gonorrhoea","Disease surveillance|Confirmed cases - Men who have sex with men","Reported cases","N","2020","SI","Slovenia",106.000000000,""
"Gonorrhoea","Disease surveillance|Confirmed cases - Men who have sex with men","Reported cases","N","2020","SK","Slovakia",6.000000000,""
"Gonorrhoea","Disease surveillance|Confirmed cases - Men who have sex with men","Reported cases","N","2020","XK","Kosovo",0.000000000,""
"Gonorrhoea","Disease surveillance|Confirmed cases - Men who have sex with men","Reported cases","N","2021","AL","Albania",0.000000000,""
"Gonorrhoea","Disease surveillance|Confirmed cases - Men who have sex with men","Reported cases","N","2021","BE","Belgium",0.000000000,""
"Gonorrhoea","Disease surveillance|Confirmed cases - Men who have sex with men","Reported cases","N","2021","BG","Bulgaria",0.000000000,""
"Gonorrhoea","Disease surveillance|Confirmed cases - Men who have sex with men","Reported cases","N","2021","CY","Cyprus",0.000000000,""
"Gonorrhoea","Disease surveillance|Confirmed cases - Men who have sex with men","Reported cases","N","2021","CZ","Czechia",579.000000000,""
"Gonorrhoea","Disease surveillance|Confirmed cases - Men who have sex with men","Reported cases","N","2021","DK","Denmark",1017.000000000,""
"Gonorrhoea","Disease surveillance|Confirmed cases - Men who have sex with men","Reported cases","N","2021","EE","Estonia",21.000000000,""
"Gonorrhoea","Disease surveillance|Confirmed cases - Men who have sex with men","Reported cases","N","2021","EL","Greece",102.000000000,""
"Gonorrhoea","Disease surveillance|Confirmed cases - Men who have sex with men","Reported cases","N","2021","ES","Spain",2079.000000000,""
"Gonorrhoea","Disease surveillance|Confirmed cases - Men who have sex with men","Reported cases","N","2021","EU27_21","EU (without UK)",17442.000000000,""
"Gonorrhoea","Disease surveillance|Confirmed cases - Men who have sex with men","Reported cases","N","2021","EU27_UK_21","EU (with UK until 2019)",17442.000000000,""
"Gonorrhoea","Disease surveillance|Confirmed cases - Men who have sex with men","Reported cases","N","2021","EUEEA30_21","EU/EEA (without UK)",17814.000000000,""
"Gonorrhoea","Disease surveillance|Confirmed cases - Men who have sex with men","Reported cases","N","2021","EUEEAUK_21","EU/EEA (with UK until 2019)",17814.000000000,""
"Gonorrhoea","Disease surveillance|Confirmed cases - Men who have sex with men","Reported cases","N","2021","FI","Finland",170.000000000,""
"Gonorrhoea","Disease surveillance|Confirmed cases - Men who have sex with men","Reported cases","N","2021","FR","France",3398.000000000,""
"Gonorrhoea","Disease surveillance|Confirmed cases - Men who have sex with men","Reported cases","N","2021","HR","Croatia",0.000000000,""
"Gonorrhoea","Disease surveillance|Confirmed cases - Men who have sex with men","Reported cases","N","2021","HU","Hungary",174.000000000,""
"Gonorrhoea","Disease surveillance|Confirmed cases - Men who have sex with men","Reported cases","N","2021","IE","Ireland",662.000000000,""
"Gonorrhoea","Disease surveillance|Confirmed cases - Men who have sex with men","Reported cases","N","2021","IS","Iceland",60.000000000,""
"Gonorrhoea","Disease surveillance|Confirmed cases - Men who have sex with men","Reported cases","N","2021","IT","Italy",0.000000000,""
"Gonorrhoea","Disease surveillance|Confirmed cases - Men who have sex with men","Reported cases","N","2021","LI","Liechtenstein",4.000000000,""
"Gonorrhoea","Disease surveillance|Confirmed cases - Men who have sex with men","Reported cases","N","2021","LT","Lithuania",1.000000000,""
"Gonorrhoea","Disease surveillance|Confirmed cases - Men who have sex with men","Reported cases","N","2021","LU","Luxembourg",0.000000000,""
"Gonorrhoea","Disease surveillance|Confirmed cases - Men who have sex with men","Reported cases","N","2021","LV","Latvia",3.000000000,""
"Gonorrhoea","Disease surveillance|Confirmed cases - Men who have sex with men","Reported cases","N","2021","ME","Montenegro",0.000000000,""
"Gonorrhoea","Disease surveillance|Confirmed cases - Men who have sex with men","Reported cases","N","2021","MK","North Macedonia",0.000000000,""
"Gonorrhoea","Disease surveillance|Confirmed cases - Men who have sex with men","Reported cases","N","2021","MT","Malta",133.000000000,""
"Gonorrhoea","Disease surveillance|Confirmed cases - Men who have sex with men","Reported cases","N","2021","NL","Netherlands",6591.000000000,""
"Gonorrhoea","Disease surveillance|Confirmed cases - Men who have sex with men","Reported cases","N","2021","NO","Norway",308.000000000,""
"Gonorrhoea","Disease surveillance|Confirmed cases - Men who have sex with men","Reported cases","N","2021","PT","Portugal",777.000000000,""
"Gonorrhoea","Disease surveillance|Confirmed cases - Men who have sex with men","Reported cases","N","2021","RO","Romania",0.000000000,""
"Gonorrhoea","Disease surveillance|Confirmed cases - Men who have sex with men","Reported cases","N","2021","RS","Serbia",0.000000000,""
"Gonorrhoea","Disease surveillance|Confirmed cases - Men who have sex with men","Reported cases","N","2021","SE","Sweden",1603.000000000,""
"Gonorrhoea","Disease surveillance|Confirmed cases - Men who have sex with men","Reported cases","N","2021","SI","Slovenia",121.000000000,""
"Gonorrhoea","Disease surveillance|Confirmed cases - Men who have sex with men","Reported cases","N","2021","SK","Slovakia",11.000000000,""
"Gonorrhoea","Disease surveillance|Confirmed cases - Men who have sex with men","Reported cases","N","2021","XK","Kosovo",0.000000000,""
"Gonorrhoea","Disease surveillance|Confirmed cases - Men who have sex with men","Reported cases","N","2022","BE","Belgium",0.000000000,""
"Gonorrhoea","Disease surveillance|Confirmed cases - Men who have sex with men","Reported cases","N","2022","BG","Bulgaria",0.000000000,""
"Gonorrhoea","Disease surveillance|Confirmed cases - Men who have sex with men","Reported cases","N","2022","CY","Cyprus",0.000000000,""
"Gonorrhoea","Disease surveillance|Confirmed cases - Men who have sex with men","Reported cases","N","2022","CZ","Czechia",621.000000000,""
"Gonorrhoea","Disease surveillance|Confirmed cases - Men who have sex with men","Reported cases","N","2022","DK","Denmark",1328.000000000,""
"Gonorrhoea","Disease surveillance|Confirmed cases - Men who have sex with men","Reported cases","N","2022","EE","Estonia",64.000000000,""
"Gonorrhoea","Disease surveillance|Confirmed cases - Men who have sex with men","Reported cases","N","2022","EL","Greece",171.000000000,""
"Gonorrhoea","Disease surveillance|Confirmed cases - Men who have sex with men","Reported cases","N","2022","ES","Spain",4214.000000000,""
"Gonorrhoea","Disease surveillance|Confirmed cases - Men who have sex with men","Reported cases","N","2022","EU27_21","EU (without UK)",24509.000000000,""
"Gonorrhoea","Disease surveillance|Confirmed cases - Men who have sex with men","Reported cases","N","2022","EU27_UK_21","EU (with UK until 2019)",24509.000000000,""
"Gonorrhoea","Disease surveillance|Confirmed cases - Men who have sex with men","Reported cases","N","2022","EUEEA30_21","EU/EEA (without UK)",25588.000000000,""
"Gonorrhoea","Disease surveillance|Confirmed cases - Men who have sex with men","Reported cases","N","2022","EUEEAUK_21","EU/EEA (with UK until 2019)",25588.000000000,""
"Gonorrhoea","Disease surveillance|Confirmed cases - Men who have sex with men","Reported cases","N","2022","FI","Finland",287.000000000,""
"Gonorrhoea","Disease surveillance|Confirmed cases - Men who have sex with men","Reported cases","N","2022","FR","France",3792.000000000,""
"Gonorrhoea","Disease surveillance|Confirmed cases - Men who have sex with men","Reported cases","N","2022","HR","Croatia",0.000000000,""
"Gonorrhoea","Disease surveillance|Confirmed cases - Men who have sex with men","Reported cases","N","2022","HU","Hungary",196.000000000,""
"Gonorrhoea","Disease surveillance|Confirmed cases - Men who have sex with men","Reported cases","N","2022","IE","Ireland",1509.000000000,""
"Gonorrhoea","Disease surveillance|Confirmed cases - Men who have sex with men","Reported cases","N","2022","IS","Iceland",65.000000000,""
"Gonorrhoea","Disease surveillance|Confirmed cases - Men who have sex with men","Reported cases","N","2022","IT","Italy",0.000000000,""
"Gonorrhoea","Disease surveillance|Confirmed cases - Men who have sex with men","Reported cases","N","2022","LI","Liechtenstein",2.000000000,""
"Gonorrhoea","Disease surveillance|Confirmed cases - Men who have sex with men","Reported cases","N","2022","LT","Lithuania",2.000000000,""
"Gonorrhoea","Disease surveillance|Confirmed cases - Men who have sex with men","Reported cases","N","2022","LU","Luxembourg",0.000000000,""
"Gonorrhoea","Disease surveillance|Confirmed cases - Men who have sex with men","Reported cases","N","2022","LV","Latvia",6.000000000,""
"Gonorrhoea","Disease surveillance|Confirmed cases - Men who have sex with men","Reported cases","N","2022","ME","Montenegro",0.000000000,""
"Gonorrhoea","Disease surveillance|Confirmed cases - Men who have sex with men","Reported cases","N","2022","MK","North Macedonia",0.000000000,""
"Gonorrhoea","Disease surveillance|Confirmed cases - Men who have sex with men","Reported cases","N","2022","MT","Malta",139.000000000,""
"Gonorrhoea","Disease surveillance|Confirmed cases - Men who have sex with men","Reported cases","N","2022","NL","Netherlands",8303.000000000,""
"Gonorrhoea","Disease surveillance|Confirmed cases - Men who have sex with men","Reported cases","N","2022","NO","Norway",1012.000000000,""
"Gonorrhoea","Disease surveillance|Confirmed cases - Men who have sex with men","Reported cases","N","2022","PL","Poland",179.000000000,""
"Gonorrhoea","Disease surveillance|Confirmed cases - Men who have sex with men","Reported cases","N","2022","PT","Portugal",1714.000000000,""
"Gonorrhoea","Disease surveillance|Confirmed cases - Men who have sex with men","Reported cases","N","2022","RO","Romania",2.000000000,""
"Gonorrhoea","Disease surveillance|Confirmed cases - Men who have sex with men","Reported cases","N","2022","RS","Serbia",0.000000000,""
"Gonorrhoea","Disease surveillance|Confirmed cases - Men who have sex with men","Reported cases","N","2022","SE","Sweden",1861.000000000,""
"Gonorrhoea","Disease surveillance|Confirmed cases - Men who have sex with men","Reported cases","N","2022","SI","Slovenia",111.000000000,""
"Gonorrhoea","Disease surveillance|Confirmed cases - Men who have sex with men","Reported cases","N","2022","SK","Slovakia",10.000000000,""
"Gonorrhoea","Disease surveillance|Confirmed cases - Men who have sex with men","Reported cases","N","2022","XK","Kosovo",0.000000000,""
"Gonorrhoea","Disease surveillance|Confirmed cases - Men who have sex with men","Reported cases","N","2023","BE","Belgium",0.000000000,""
"Gonorrhoea","Disease surveillance|Confirmed cases - Men who have sex with men","Reported cases","N","2023","BG","Bulgaria",0.000000000,""
"Gonorrhoea","Disease surveillance|Confirmed cases - Men who have sex with men","Reported cases","N","2023","CY","Cyprus",0.000000000,""
"Gonorrhoea","Disease surveillance|Confirmed cases - Men who have sex with men","Reported cases","N","2023","CZ","Czechia",812.000000000,""
"Gonorrhoea","Disease surveillance|Confirmed cases - Men who have sex with men","Reported cases","N","2023","DK","Denmark",1445.000000000,""
"Gonorrhoea","Disease surveillance|Confirmed cases - Men who have sex with men","Reported cases","N","2023","EE","Estonia",66.000000000,""
"Gonorrhoea","Disease surveillance|Confirmed cases - Men who have sex with men","Reported cases","N","2023","EL","Greece",204.000000000,""
"Gonorrhoea","Disease surveillance|Confirmed cases - Men who have sex with men","Reported cases","N","2023","ES","Spain",5974.000000000,""
"Gonorrhoea","Disease surveillance|Confirmed cases - Men who have sex with men","Reported cases","N","2023","EU27_21","EU (without UK)",30957.000000000,""
"Gonorrhoea","Disease surveillance|Confirmed cases - Men who have sex with men","Reported cases","N","2023","EU27_UK_21","EU (with UK until 2019)",30957.000000000,""
"Gonorrhoea","Disease surveillance|Confirmed cases - Men who have sex with men","Reported cases","N","2023","EUEEA30_21","EU/EEA (without UK)",32301.000000000,""
"Gonorrhoea","Disease surveillance|Confirmed cases - Men who have sex with men","Reported cases","N","2023","EUEEAUK_21","EU/EEA (with UK until 2019)",32301.000000000,""
"Gonorrhoea","Disease surveillance|Confirmed cases - Men who have sex with men","Reported cases","N","2023","FI","Finland",465.000000000,""
"Gonorrhoea","Disease surveillance|Confirmed cases - Men who have sex with men","Reported cases","N","2023","FR","France",4624.000000000,""
"Gonorrhoea","Disease surveillance|Confirmed cases - Men who have sex with men","Reported cases","N","2023","HR","Croatia",0.000000000,""
"Gonorrhoea","Disease surveillance|Confirmed cases - Men who have sex with men","Reported cases","N","2023","HU","Hungary",241.000000000,""
"Gonorrhoea","Disease surveillance|Confirmed cases - Men who have sex with men","Reported cases","N","2023","IE","Ireland",2130.000000000,""
"Gonorrhoea","Disease surveillance|Confirmed cases - Men who have sex with men","Reported cases","N","2023","IS","Iceland",154.000000000,""
"Gonorrhoea","Disease surveillance|Confirmed cases - Men who have sex with men","Reported cases","N","2023","IT","Italy",0.000000000,""
"Gonorrhoea","Disease surveillance|Confirmed cases - Men who have sex with men","Reported cases","N","2023","LI","Liechtenstein",2.000000000,""
"Gonorrhoea","Disease surveillance|Confirmed cases - Men who have sex with men","Reported cases","N","2023","LT","Lithuania",9.000000000,""
"Gonorrhoea","Disease surveillance|Confirmed cases - Men who have sex with men","Reported cases","N","2023","LU","Luxembourg",0.000000000,""
"Gonorrhoea","Disease surveillance|Confirmed cases - Men who have sex with men","Reported cases","N","2023","LV","Latvia",13.000000000,""
"Gonorrhoea","Disease surveillance|Confirmed cases - Men who have sex with men","Reported cases","N","2023","ME","Montenegro",0.000000000,""
"Gonorrhoea","Disease surveillance|Confirmed cases - Men who have sex with men","Reported cases","N","2023","MK","North Macedonia",0.000000000,""
"Gonorrhoea","Disease surveillance|Confirmed cases - Men who have sex with men","Reported cases","N","2023","MT","Malta",177.000000000,""
"Gonorrhoea","Disease surveillance|Confirmed cases - Men who have sex with men","Reported cases","N","2023","NL","Netherlands",10041.000000000,""
"Gonorrhoea","Disease surveillance|Confirmed cases - Men who have sex with men","Reported cases","N","2023","NO","Norway",1188.000000000,""
"Gonorrhoea","Disease surveillance|Confirmed cases - Men who have sex with men","Reported cases","N","2023","PL","Poland",228.000000000,""
"Gonorrhoea","Disease surveillance|Confirmed cases - Men who have sex with men","Reported cases","N","2023","PT","Portugal",1996.000000000,""
"Gonorrhoea","Disease surveillance|Confirmed cases - Men who have sex with men","Reported cases","N","2023","RO","Romania",1.000000000,""
"Gonorrhoea","Disease surveillance|Confirmed cases - Men who have sex with men","Reported cases","N","2023","RS","Serbia",37.000000000,""
"Gonorrhoea","Disease surveillance|Confirmed cases - Men who have sex with men","Reported cases","N","2023","SE","Sweden",2396.000000000,""
"Gonorrhoea","Disease surveillance|Confirmed cases - Men who have sex with men","Reported cases","N","2023","SI","Slovenia",119.000000000,""
"Gonorrhoea","Disease surveillance|Confirmed cases - Men who have sex with men","Reported cases","N","2023","SK","Slovakia",16.000000000,""
"Gonorrhoea","Disease surveillance|Confirmed cases - Men who have sex with men","Reported cases","N","2023","XK","Kosovo",0.000000000,""
"Gonorrhoea","Disease surveillance|Confirmed cases - Men who have sex with men","Reported cases","N","2024","BE","Belgium",0.000000000,""
"Gonorrhoea","Disease surveillance|Confirmed cases - Men who have sex with men","Reported cases","N","2024","BG","Bulgaria",0.000000000,""
"Gonorrhoea","Disease surveillance|Confirmed cases - Men who have sex with men","Reported cases","N","2024","CY","Cyprus",11.000000000,""
"Gonorrhoea","Disease surveillance|Confirmed cases - Men who have sex with men","Reported cases","N","2024","CZ","Czechia",848.000000000,""
"Gonorrhoea","Disease surveillance|Confirmed cases - Men who have sex with men","Reported cases","N","2024","DK","Denmark",1728.000000000,""
"Gonorrhoea","Disease surveillance|Confirmed cases - Men who have sex with men","Reported cases","N","2024","EE","Estonia",57.000000000,""
"Gonorrhoea","Disease surveillance|Confirmed cases - Men who have sex with men","Reported cases","N","2024","EL","Greece",225.000000000,""
"Gonorrhoea","Disease surveillance|Confirmed cases - Men who have sex with men","Reported cases","N","2024","ES","Spain",4119.000000000,""
"Gonorrhoea","Disease surveillance|Confirmed cases - Men who have sex with men","Reported cases","N","2024","EU27_21","EU (without UK)",31289.000000000,""
"Gonorrhoea","Disease surveillance|Confirmed cases - Men who have sex with men","Reported cases","N","2024","EU27_UK_21","EU (with UK until 2019)",31289.000000000,""
"Gonorrhoea","Disease surveillance|Confirmed cases - Men who have sex with men","Reported cases","N","2024","EUEEA30_21","EU/EEA (without UK)",32918.000000000,""
"Gonorrhoea","Disease surveillance|Confirmed cases - Men who have sex with men","Reported cases","N","2024","EUEEAUK_21","EU/EEA (with UK until 2019)",32918.000000000,""
"Gonorrhoea","Disease surveillance|Confirmed cases - Men who have sex with men","Reported cases","N","2024","FI","Finland",662.000000000,""
"Gonorrhoea","Disease surveillance|Confirmed cases - Men who have sex with men","Reported cases","N","2024","FR","France",5612.000000000,""
"Gonorrhoea","Disease surveillance|Confirmed cases - Men who have sex with men","Reported cases","N","2024","HR","Croatia",0.000000000,""
"Gonorrhoea","Disease surveillance|Confirmed cases - Men who have sex with men","Reported cases","N","2024","HU","Hungary",224.000000000,""
"Gonorrhoea","Disease surveillance|Confirmed cases - Men who have sex with men","Reported cases","N","2024","IE","Ireland",2421.000000000,""
"Gonorrhoea","Disease surveillance|Confirmed cases - Men who have sex with men","Reported cases","N","2024","IS","Iceland",182.000000000,""
"Gonorrhoea","Disease surveillance|Confirmed cases - Men who have sex with men","Reported cases","N","2024","IT","Italy",0.000000000,""
"Gonorrhoea","Disease surveillance|Confirmed cases - Men who have sex with men","Reported cases","N","2024","LI","Liechtenstein",0.000000000,""
"Gonorrhoea","Disease surveillance|Confirmed cases - Men who have sex with men","Reported cases","N","2024","LT","Lithuania",11.000000000,""
"Gonorrhoea","Disease surveillance|Confirmed cases - Men who have sex with men","Reported cases","N","2024","LU","Luxembourg",0.000000000,""
"Gonorrhoea","Disease surveillance|Confirmed cases - Men who have sex with men","Reported cases","N","2024","LV","Latvia",10.000000000,""
"Gonorrhoea","Disease surveillance|Confirmed cases - Men who have sex with men","Reported cases","N","2024","ME","Montenegro",0.000000000,""
"Gonorrhoea","Disease surveillance|Confirmed cases - Men who have sex with men","Reported cases","N","2024","MK","North Macedonia",0.000000000,""
"Gonorrhoea","Disease surveillance|Confirmed cases - Men who have sex with men","Reported cases","N","2024","MT","Malta",294.000000000,""
"Gonorrhoea","Disease surveillance|Confirmed cases - Men who have sex with men","Reported cases","N","2024","NL","Netherlands",10452.000000000,""
"Gonorrhoea","Disease surveillance|Confirmed cases - Men who have sex with men","Reported cases","N","2024","NO","Norway",1447.000000000,""
"Gonorrhoea","Disease surveillance|Confirmed cases - Men who have sex with men","Reported cases","N","2024","PL","Poland",298.000000000,""
"Gonorrhoea","Disease surveillance|Confirmed cases - Men who have sex with men","Reported cases","N","2024","PT","Portugal",1884.000000000,""
"Gonorrhoea","Disease surveillance|Confirmed cases - Men who have sex with men","Reported cases","N","2024","RO","Romania",2.000000000,""
"Gonorrhoea","Disease surveillance|Confirmed cases - Men who have sex with men","Reported cases","N","2024","RS","Serbia",146.000000000,""
"Gonorrhoea","Disease surveillance|Confirmed cases - Men who have sex with men","Reported cases","N","2024","SE","Sweden",2344.000000000,""
"Gonorrhoea","Disease surveillance|Confirmed cases - Men who have sex with men","Reported cases","N","2024","SI","Slovenia",72.000000000,""
"Gonorrhoea","Disease surveillance|Confirmed cases - Men who have sex with men","Reported cases","N","2024","SK","Slovakia",15.000000000,""
"Gonorrhoea","Disease surveillance|Confirmed cases - Men who have sex with men","Reported cases","N","2024","XK","Kosovo",0.000000000,""
